TransactionID,CustomerID,Timestamp,Amount,Merchant,Location,Channel,FraudLabel
sdv-id-gCRUpl,C087,2026-09-02 05:53:42,4036.16,TigoPesa,Zanzibar,MobileApp,1
sdv-id-RPTYDI,C051,2026-09-01 19:48:05,4801.92,AirtelMoney,Dar-es-Salaam,ATM,1
sdv-id-DWWlug,C030,2026-09-01 16:26:14,4544.32,AirtelMoney,Arusha,Web,1
sdv-id-NWKIAD,C081,2026-09-02 05:10:49,5980.01,Shoprite,Zanzibar,Web,1
sdv-id-CQMHOn,C052,2026-09-01 18:56:10,9437.19,NBC_Bank,Mwanza,POS,1
sdv-id-ZyqMtl,C041,2026-09-01 14:00:10,3954.12,Shoprite,Zanzibar,Web,1
sdv-id-JQBcjE,C053,2026-09-01 21:50:57,7829.6,KahawaCafe,Zanzibar,ATM,1
sdv-id-xPRqil,C051,2026-09-01 21:30:35,3664.25,NMB_Bank,Dodoma,POS,1
sdv-id-wXXutb,C012,2026-09-01 11:34:14,7386.89,CRDB_Bank,Dar-es-Salaam,POS,1
sdv-id-FZdGKf,C098,2026-09-02 08:57:05,3999.28,CRDB_Bank,Arusha,Web,1
sdv-id-fDAfLk,C017,2026-09-01 10:19:16,8340.14,AirtelMoney,Dar-es-Salaam,Web,1
sdv-id-VVfLlr,C080,2026-09-02 02:32:57,8160.87,Shoprite,Mbeya,MobileApp,1
sdv-id-nbMSdP,C012,2026-09-01 11:30:23,7224.47,Shoprite,Zanzibar,Web,1
sdv-id-yjZWSW,C036,2026-09-01 15:35:05,1463.36,Shoprite,Dar-es-Salaam,ATM,1
sdv-id-eNiiiD,C018,2026-09-01 12:40:31,8031.47,NBC_Bank,Dar-es-Salaam,Web,1
sdv-id-naIVIg,C012,2026-09-01 11:44:49,1149.13,AirtelMoney,Dar-es-Salaam,POS,1
sdv-id-BMdLWy,C088,2026-09-02 07:56:15,1913.5,CRDB_Bank,Mbeya,POS,1
sdv-id-VtEofL,C079,2026-09-02 08:19:26,813.26,TigoPesa,Mbeya,POS,1
sdv-id-CRsHpp,C032,2026-09-01 19:42:21,5875.75,CRDB_Bank,Mwanza,POS,0
sdv-id-rEiKEr,C031,2026-09-01 16:13:04,8964.16,Vodacom_M-Pesa,Dar-es-Salaam,ATM,1
sdv-id-QRpekT,C088,2026-09-02 03:45:43,4470.69,AirtelMoney,Mbeya,POS,0
sdv-id-IXKbHE,C018,2026-09-01 15:33:57,5685.61,Shoprite,Arusha,Web,1
sdv-id-zyqXZR,C033,2026-09-01 12:29:27,4370.79,Shoprite,Dar-es-Salaam,ATM,1
sdv-id-tTwhgp,C091,2026-09-02 08:14:13,4424.13,AirtelMoney,Mbeya,ATM,1
sdv-id-uVQPMS,C066,2026-09-02 04:46:54,5160.88,Shoprite,Zanzibar,Web,1
sdv-id-XmVpgo,C087,2026-09-02 06:54:02,7455.74,TigoPesa,Mbeya,ATM,0
sdv-id-wOkAKg,C092,2026-09-02 06:10:42,7973.59,Vodacom_M-Pesa,Mwanza,MobileApp,1
sdv-id-bGunud,C037,2026-09-01 15:50:14,1951.23,CRDB_Bank,Arusha,MobileApp,0
sdv-id-vsxvnC,C027,2026-09-01 15:38:53,9909.39,NMB_Bank,Zanzibar,POS,1
sdv-id-JvgSHt,C078,2026-09-02 03:08:45,7349.88,NBC_Bank,Dodoma,POS,1
sdv-id-nJtZOL,C007,2026-09-01 09:25:42,7520.37,AirtelMoney,Mwanza,POS,1
sdv-id-yfaBDr,C044,2026-09-01 19:17:06,5695.63,TigoPesa,Zanzibar,ATM,1
sdv-id-KFSBal,C076,2026-09-02 00:53:33,9585.77,AirtelMoney,Mbeya,MobileApp,1
sdv-id-fyzrON,C049,2026-09-01 21:37:53,9720.22,CRDB_Bank,Zanzibar,POS,1
sdv-id-AMEmMX,C013,2026-09-01 10:28:19,5195.63,AirtelMoney,Dar-es-Salaam,POS,1
sdv-id-NtOsYF,C014,2026-09-01 11:17:16,410.29,AirtelMoney,Mbeya,ATM,1
sdv-id-oTpVbs,C076,2026-09-02 01:52:30,4776.77,CRDB_Bank,Mbeya,MobileApp,1
sdv-id-FeoSZB,C008,2026-09-01 10:07:28,1891.81,AirtelMoney,Mwanza,ATM,1
sdv-id-qoSKES,C091,2026-09-02 06:19:39,936.86,Shoprite,Dodoma,ATM,1
sdv-id-VDBUNK,C060,2026-09-02 00:59:03,6979.71,AirtelMoney,Dar-es-Salaam,POS,1
sdv-id-UMcAdF,C009,2026-09-01 11:25:09,6354.28,KahawaCafe,Mbeya,POS,0
sdv-id-OmUCmG,C093,2026-09-02 07:16:10,7116.77,Shoprite,Mbeya,POS,1
sdv-id-LsViaB,C063,2026-09-01 22:05:04,6490.1,AirtelMoney,Mbeya,Web,1
sdv-id-idDimq,C082,2026-09-02 03:45:52,2459.72,NMB_Bank,Mbeya,ATM,1
sdv-id-tosqcx,C061,2026-09-01 22:31:24,5108.02,NMB_Bank,Mwanza,Web,1
sdv-id-APMElT,C080,2026-09-02 04:25:15,965.88,CRDB_Bank,Mwanza,Web,1
sdv-id-QzctQO,C059,2026-09-02 04:20:38,9862.2,Shoprite,Arusha,POS,1
sdv-id-RzGSSM,C035,2026-09-01 14:19:32,4705.5,NMB_Bank,Dar-es-Salaam,Web,1
sdv-id-vkSXVY,C021,2026-09-01 13:00:53,6598.84,CRDB_Bank,Arusha,ATM,1
sdv-id-cWEflq,C024,2026-09-01 15:20:42,7147.66,NMB_Bank,Zanzibar,MobileApp,1
sdv-id-ugepBB,C015,2026-09-01 16:18:35,9189.71,NMB_Bank,Mbeya,POS,1
sdv-id-vZJZaD,C076,2026-09-02 03:09:19,6324.42,CRDB_Bank,Mbeya,ATM,1
sdv-id-FnPLtp,C072,2026-09-02 01:20:35,3876.93,NBC_Bank,Mbeya,POS,1
sdv-id-HBIzhd,C070,2026-09-01 18:59:51,2392.63,NBC_Bank,Arusha,MobileApp,1
sdv-id-myUvWk,C073,2026-09-02 02:22:15,9114.53,AirtelMoney,Mbeya,POS,1
sdv-id-ntPDzX,C054,2026-09-01 22:36:22,3716.81,AirtelMoney,Mwanza,MobileApp,1
sdv-id-FjRjAK,C047,2026-09-01 20:26:40,7285.79,AirtelMoney,Zanzibar,POS,0
sdv-id-IyjboC,C049,2026-09-01 22:32:00,9951.04,NBC_Bank,Dar-es-Salaam,MobileApp,1
sdv-id-yYcHVH,C064,2026-09-02 01:52:36,4993.95,CRDB_Bank,Dar-es-Salaam,ATM,1
sdv-id-mUtnrP,C032,2026-09-01 12:15:02,4692.04,KahawaCafe,Arusha,Web,1
sdv-id-aVoadd,C023,2026-09-01 12:01:29,8331.4,TigoPesa,Mwanza,POS,1
sdv-id-MJGDpQ,C029,2026-09-01 14:58:56,1657.89,CRDB_Bank,Zanzibar,ATM,0
sdv-id-VuJcCs,C081,2026-09-02 07:23:15,1718.69,KahawaCafe,Arusha,POS,0
sdv-id-SzfoHy,C077,2026-09-02 01:20:56,7911.97,CRDB_Bank,Zanzibar,MobileApp,1
sdv-id-nEAqwe,C098,2026-09-02 09:15:00,5454.11,NBC_Bank,Mbeya,MobileApp,1
sdv-id-ILULSK,C011,2026-09-01 09:32:28,1030.1,AirtelMoney,Arusha,POS,1
sdv-id-tZBXVd,C004,2026-09-01 09:18:49,333.94,Shoprite,Zanzibar,ATM,1
sdv-id-parbNp,C076,2026-09-02 04:45:32,5781.73,Shoprite,Mbeya,MobileApp,1
sdv-id-IaUtQv,C024,2026-09-01 16:20:10,3087.5,CRDB_Bank,Mbeya,ATM,1
sdv-id-neMfXM,C063,2026-09-01 22:45:57,6021.1,AirtelMoney,Zanzibar,POS,1
sdv-id-CAsjNe,C092,2026-09-02 06:48:03,3179.05,AirtelMoney,Mbeya,Web,0
sdv-id-XuZUeG,C061,2026-09-01 23:03:54,6080.73,Shoprite,Arusha,MobileApp,1
sdv-id-qPkFuh,C004,2026-09-01 09:46:28,873.69,NBC_Bank,Dodoma,ATM,1
sdv-id-IhZhrL,C008,2026-09-01 09:59:39,2750.73,NBC_Bank,Dodoma,POS,0
sdv-id-ACYgTD,C089,2026-09-02 07:18:55,4826.73,CRDB_Bank,Dar-es-Salaam,Web,1
sdv-id-gPQiTX,C072,2026-09-02 01:34:17,6316.06,CRDB_Bank,Zanzibar,POS,1
sdv-id-BcUQzu,C095,2026-09-02 08:45:58,3053.63,NBC_Bank,Arusha,Web,0
sdv-id-jdEmao,C028,2026-09-01 16:15:55,4339.46,NBC_Bank,Mwanza,Web,0
sdv-id-tPzlBO,C046,2026-09-01 18:57:27,2581.31,CRDB_Bank,Dodoma,Web,1
sdv-id-DBDeBh,C026,2026-09-01 13:38:14,7358.9,NMB_Bank,Mwanza,POS,1
sdv-id-JfPqlU,C099,2026-09-02 09:07:25,4833.16,CRDB_Bank,Mbeya,Web,1
sdv-id-PFVUWU,C066,2026-09-02 02:02:56,1555.32,NMB_Bank,Mbeya,ATM,1
sdv-id-FcvdiB,C020,2026-09-01 13:14:26,6873.56,NMB_Bank,Dar-es-Salaam,MobileApp,1
sdv-id-egrKJc,C066,2026-09-01 20:08:26,592.29,TigoPesa,Mbeya,MobileApp,1
sdv-id-gsdSlg,C012,2026-09-01 10:27:31,7810.37,AirtelMoney,Arusha,MobileApp,1
sdv-id-fGTPkR,C092,2026-09-02 08:25:58,2893.79,Shoprite,Dar-es-Salaam,POS,1
sdv-id-tlnhFw,C068,2026-09-01 22:52:37,2610.32,AirtelMoney,Mbeya,Web,1
sdv-id-dxuZuJ,C036,2026-09-01 16:27:04,1885.2,AirtelMoney,Dar-es-Salaam,Web,1
sdv-id-rIEIXE,C005,2026-09-01 10:11:23,4972.36,Shoprite,Dodoma,ATM,0
sdv-id-fZsBYT,C005,2026-09-01 09:58:21,1821.97,CRDB_Bank,Mwanza,ATM,1
sdv-id-OlugtT,C065,2026-09-02 02:59:24,768.57,CRDB_Bank,Dar-es-Salaam,Web,1
sdv-id-mXyVPW,C081,2026-09-02 04:19:48,6936.51,NBC_Bank,Dar-es-Salaam,POS,1
sdv-id-WszhfD,C020,2026-09-01 14:06:19,3176.02,CRDB_Bank,Mbeya,POS,1
sdv-id-gSCjaM,C049,2026-09-01 18:45:27,2693.36,Shoprite,Zanzibar,POS,1
sdv-id-gweUWc,C062,2026-09-01 23:42:59,9609.7,Shoprite,Mbeya,MobileApp,1
sdv-id-JYMoID,C010,2026-09-01 10:15:02,5522.57,Shoprite,Mbeya,MobileApp,1
sdv-id-wQMukM,C060,2026-09-02 02:44:19,8956.85,TigoPesa,Dodoma,Web,1
sdv-id-WkoxrM,C053,2026-09-01 21:53:30,7947.05,NMB_Bank,Mbeya,Web,1
sdv-id-HqAWLF,C081,2026-09-02 02:16:55,6790.51,TigoPesa,Mwanza,MobileApp,0
sdv-id-wWicdA,C056,2026-09-02 02:30:54,9521.48,AirtelMoney,Mwanza,ATM,1
sdv-id-JtCNya,C049,2026-09-01 22:12:11,8815.75,KahawaCafe,Mwanza,MobileApp,0
sdv-id-CvXgfT,C088,2026-09-02 06:02:01,9087.27,CRDB_Bank,Mwanza,POS,1
sdv-id-GDxGxh,C086,2026-09-02 06:46:24,9547.44,KahawaCafe,Dar-es-Salaam,POS,0
sdv-id-LoWOWG,C017,2026-09-01 15:47:01,4090.95,CRDB_Bank,Mbeya,Web,1
sdv-id-dyosQR,C028,2026-09-01 17:44:54,1252.35,Shoprite,Arusha,Web,1
sdv-id-EmmKDf,C097,2026-09-02 08:45:06,1934.87,Shoprite,Mbeya,MobileApp,1
sdv-id-KjYHmR,C024,2026-09-01 13:13:29,9081.26,TigoPesa,Dodoma,POS,1
sdv-id-ccSrhb,C070,2026-09-02 00:54:57,834.88,NMB_Bank,Zanzibar,ATM,1
sdv-id-YXqCgK,C085,2026-09-02 07:48:18,2828.11,TigoPesa,Dar-es-Salaam,Web,0
sdv-id-igqanr,C027,2026-09-01 13:10:37,5715.09,NBC_Bank,Zanzibar,POS,1
sdv-id-DEMtfF,C067,2026-09-01 21:41:15,5537.71,CRDB_Bank,Zanzibar,Web,1
sdv-id-ARqmbU,C083,2026-09-02 01:35:57,3389.17,Vodacom_M-Pesa,Dar-es-Salaam,Web,1
sdv-id-BFrMrt,C057,2026-09-01 22:21:41,8833.45,CRDB_Bank,Dar-es-Salaam,MobileApp,1
sdv-id-ffTZbE,C049,2026-09-01 18:05:22,5317.52,KahawaCafe,Dodoma,POS,1
sdv-id-Yoivrs,C022,2026-09-01 15:27:00,6990.48,TigoPesa,Dodoma,MobileApp,1
sdv-id-VCBSjh,C099,2026-09-02 09:15:00,9600.16,CRDB_Bank,Mwanza,Web,1
sdv-id-AzwWlV,C070,2026-09-01 23:30:39,8281.92,AirtelMoney,Zanzibar,POS,0
sdv-id-tyKuEV,C078,2026-09-02 05:13:27,9427.93,Shoprite,Mbeya,Web,1
sdv-id-xcqJCb,C027,2026-09-01 15:48:48,7831.9,Shoprite,Mbeya,POS,1
sdv-id-akkxyt,C015,2026-09-01 14:06:14,6884.38,Vodacom_M-Pesa,Zanzibar,POS,1
sdv-id-PIoBpF,C052,2026-09-01 20:17:30,6489.34,CRDB_Bank,Dar-es-Salaam,POS,0
sdv-id-EhGgfS,C095,2026-09-02 09:04:47,3290.31,CRDB_Bank,Mbeya,ATM,1
sdv-id-sFFtmm,C006,2026-09-01 09:29:55,5516.09,Shoprite,Mbeya,POS,1
sdv-id-wQhbOo,C005,2026-09-01 09:14:04,7275.67,KahawaCafe,Zanzibar,POS,0
sdv-id-pQcMXW,C074,2026-09-01 22:22:22,5145.82,Shoprite,Dodoma,Web,1
sdv-id-yfmUOk,C091,2026-09-02 06:20:24,2423.7,NMB_Bank,Zanzibar,ATM,1
sdv-id-fTNAxP,C098,2026-09-02 08:56:24,6411.56,TigoPesa,Zanzibar,Web,1
sdv-id-TlpPTE,C060,2026-09-01 17:07:05,2494.19,CRDB_Bank,Dar-es-Salaam,ATM,1
sdv-id-UheWtJ,C003,2026-09-01 08:50:59,2397.48,Shoprite,Zanzibar,Web,1
sdv-id-ufLkrt,C095,2026-09-02 08:11:25,5843.7,TigoPesa,Mbeya,MobileApp,1
sdv-id-EdjhsF,C017,2026-09-01 13:40:09,8356.54,AirtelMoney,Zanzibar,Web,1
sdv-id-CyIVMG,C069,2026-09-01 23:16:51,602.73,Shoprite,Arusha,ATM,1
sdv-id-RASzQE,C085,2026-09-02 04:19:40,5965.32,Vodacom_M-Pesa,Mbeya,MobileApp,1
sdv-id-ZDQWcp,C008,2026-09-01 09:33:15,2202.38,NMB_Bank,Arusha,Web,1
sdv-id-iFTzFX,C006,2026-09-01 09:33:47,2306.71,AirtelMoney,Mwanza,ATM,1
sdv-id-wjPQlf,C020,2026-09-01 12:01:43,7799.56,CRDB_Bank,Dar-es-Salaam,Web,1
sdv-id-HSPfVZ,C022,2026-09-01 14:23:01,8303.2,TigoPesa,Mwanza,Web,1
sdv-id-bLBrki,C058,2026-09-02 00:53:04,9280.32,TigoPesa,Dar-es-Salaam,MobileApp,1
sdv-id-dfLWYp,C073,2026-09-02 00:19:44,6604.04,KahawaCafe,Mwanza,ATM,1
sdv-id-wkpZKj,C087,2026-09-02 01:00:57,3106.15,NBC_Bank,Dodoma,Web,1
sdv-id-CoOBvV,C038,2026-09-01 15:44:28,5168.21,CRDB_Bank,Dodoma,Web,1
sdv-id-hYklmO,C020,2026-09-01 13:38:52,4808.18,AirtelMoney,Mbeya,MobileApp,1
sdv-id-NplqfG,C009,2026-09-01 11:08:29,7826.05,CRDB_Bank,Zanzibar,Web,1
sdv-id-zBwxoS,C065,2026-09-01 23:28:24,4382.6,KahawaCafe,Dodoma,POS,1
sdv-id-iKptTO,C087,2026-09-02 06:02:05,725.97,Shoprite,Mbeya,POS,0
sdv-id-gYRrdD,C017,2026-09-01 13:14:16,7369.4,TigoPesa,Mbeya,MobileApp,0
sdv-id-XfuvjM,C068,2026-09-02 02:25:24,2100.75,Shoprite,Dar-es-Salaam,MobileApp,1
sdv-id-JgMRrS,C053,2026-09-01 19:57:42,5409.7,Vodacom_M-Pesa,Mbeya,Web,1
sdv-id-VGSMvG,C044,2026-09-01 16:22:30,4366.54,NBC_Bank,Arusha,Web,1
sdv-id-zovuCJ,C093,2026-09-02 06:26:45,1096.01,TigoPesa,Arusha,ATM,1
sdv-id-xwyaar,C006,2026-09-01 09:48:24,2028.58,Shoprite,Zanzibar,MobileApp,1
sdv-id-TBQFIb,C094,2026-09-02 07:11:41,8776.89,Shoprite,Dar-es-Salaam,ATM,1
sdv-id-TDoOJD,C052,2026-09-01 22:38:17,7055.22,NBC_Bank,Dar-es-Salaam,MobileApp,1
sdv-id-NwPdFn,C096,2026-09-02 09:15:00,5956.89,NBC_Bank,Mbeya,Web,1
sdv-id-BZXFVh,C013,2026-09-01 10:28:34,3566.87,Shoprite,Dodoma,Web,1
sdv-id-piKreP,C037,2026-09-01 15:03:23,7980.03,Shoprite,Arusha,POS,1
sdv-id-cOCMJD,C055,2026-09-01 19:20:17,5388.69,TigoPesa,Dar-es-Salaam,ATM,1
sdv-id-RCttmh,C072,2026-09-02 03:36:26,6231.83,Shoprite,Arusha,ATM,1
sdv-id-gOVhct,C080,2026-09-02 03:49:55,646.88,TigoPesa,Mbeya,MobileApp,1
sdv-id-JxThWY,C094,2026-09-02 07:28:04,3107.7,KahawaCafe,Dodoma,POS,0
sdv-id-mlYuZg,C080,2026-09-02 03:05:37,2652.33,Shoprite,Mwanza,MobileApp,1
sdv-id-tOXVSD,C004,2026-09-01 09:14:23,1329.42,TigoPesa,Mwanza,MobileApp,0
sdv-id-ICxdAK,C064,2026-09-01 23:01:53,6975.26,Vodacom_M-Pesa,Zanzibar,ATM,1
sdv-id-NWDvtA,C091,2026-09-02 07:13:17,7016.73,AirtelMoney,Mwanza,MobileApp,1
sdv-id-ibVUFx,C007,2026-09-01 09:28:19,7821.0,Shoprite,Mbeya,Web,1
sdv-id-PngSLq,C098,2026-09-02 09:15:00,6638.09,CRDB_Bank,Arusha,POS,1
sdv-id-BNdKmD,C035,2026-09-01 18:04:25,8245.09,NBC_Bank,Zanzibar,ATM,1
sdv-id-xQXCbR,C031,2026-09-01 15:29:21,4091.68,NMB_Bank,Mwanza,POS,1
sdv-id-erYKqq,C055,2026-09-01 21:16:49,4243.8,AirtelMoney,Dar-es-Salaam,Web,1
sdv-id-wOBuPX,C085,2026-09-02 05:36:50,3639.0,TigoPesa,Mbeya,ATM,1
sdv-id-WIYCpI,C049,2026-09-02 00:31:01,1906.21,NMB_Bank,Dodoma,POS,0
sdv-id-OjqLHA,C059,2026-09-01 17:55:03,1548.91,KahawaCafe,Arusha,Web,1
sdv-id-STlruF,C049,2026-09-02 00:35:10,4774.5,CRDB_Bank,Zanzibar,POS,1
sdv-id-bwstAh,C063,2026-09-02 00:51:37,2742.5,NBC_Bank,Zanzibar,Web,1
sdv-id-XbAPpR,C001,2026-09-01 08:34:38,1305.67,TigoPesa,Dar-es-Salaam,ATM,1
sdv-id-LjCVKt,C021,2026-09-01 15:43:24,1186.67,NBC_Bank,Mbeya,POS,1
sdv-id-ydRWuR,C059,2026-09-02 00:44:11,3391.07,AirtelMoney,Mwanza,POS,0
sdv-id-GckDGk,C098,2026-09-02 07:52:21,1065.7,Shoprite,Zanzibar,POS,1
sdv-id-eitebX,C076,2026-09-02 04:54:31,1949.6,AirtelMoney,Zanzibar,ATM,1
sdv-id-WggcSN,C013,2026-09-01 11:35:08,6824.1,Vodacom_M-Pesa,Arusha,Web,1
sdv-id-VWQhJz,C058,2026-09-02 01:22:00,3975.29,KahawaCafe,Dodoma,MobileApp,0
sdv-id-gwvMar,C038,2026-09-01 14:26:06,1910.27,TigoPesa,Mwanza,MobileApp,1
sdv-id-VvgRFj,C019,2026-09-01 14:33:42,9183.15,TigoPesa,Dodoma,Web,1
sdv-id-ofRcqb,C096,2026-09-02 08:29:56,5077.16,NMB_Bank,Arusha,MobileApp,0
sdv-id-wYOghT,C065,2026-09-01 20:23:53,1156.45,KahawaCafe,Mwanza,MobileApp,1
sdv-id-idlKbz,C043,2026-09-01 19:20:31,8045.4,KahawaCafe,Mbeya,Web,1
sdv-id-HdNWmS,C048,2026-09-01 20:37:16,6950.38,Shoprite,Mbeya,POS,1
sdv-id-ztTnhH,C053,2026-09-01 21:50:56,3655.38,CRDB_Bank,Dodoma,Web,1
sdv-id-dxjkgJ,C053,2026-09-01 21:24:22,4657.52,Shoprite,Zanzibar,POS,1
sdv-id-LLzkBi,C010,2026-09-01 12:08:40,3355.97,Vodacom_M-Pesa,Mbeya,POS,1
sdv-id-Kfgfab,C057,2026-09-02 02:42:48,4768.42,TigoPesa,Arusha,Web,1
sdv-id-kFFeKm,C073,2026-09-02 03:51:55,2408.37,Vodacom_M-Pesa,Mbeya,ATM,1
sdv-id-pezdld,C009,2026-09-01 10:09:55,5561.85,Vodacom_M-Pesa,Mwanza,Web,1
sdv-id-TxXuQd,C066,2026-09-02 01:04:59,3094.11,Vodacom_M-Pesa,Dodoma,POS,1
sdv-id-eKsEAN,C045,2026-09-01 18:41:07,6025.01,CRDB_Bank,Mbeya,POS,1
sdv-id-BgCYvH,C092,2026-09-02 08:31:24,5210.65,CRDB_Bank,Mwanza,MobileApp,1
sdv-id-foBwCc,C070,2026-09-01 23:44:01,350.85,CRDB_Bank,Mwanza,POS,0
sdv-id-ZRjqau,C099,2026-09-02 08:33:54,4853.07,CRDB_Bank,Zanzibar,ATM,1
sdv-id-HzwZtQ,C092,2026-09-02 08:42:15,925.3,Shoprite,Mbeya,POS,1
sdv-id-GBFQbp,C028,2026-09-01 14:49:04,1372.28,Shoprite,Mwanza,POS,1
sdv-id-tsjWSc,C042,2026-09-01 19:15:20,2535.58,Shoprite,Arusha,ATM,1
sdv-id-vEmCSb,C013,2026-09-01 10:00:30,5599.56,AirtelMoney,Mbeya,ATM,1
sdv-id-HQznUH,C043,2026-09-01 20:01:41,1388.3,AirtelMoney,Zanzibar,POS,1
sdv-id-FGwexT,C008,2026-09-01 12:17:28,4890.94,NBC_Bank,Mwanza,MobileApp,1
sdv-id-sBHhJb,C043,2026-09-01 19:54:21,8052.62,AirtelMoney,Dar-es-Salaam,POS,1
sdv-id-DbWZTX,C028,2026-09-01 14:21:01,1000.91,Shoprite,Arusha,Web,0
sdv-id-NRtEJY,C038,2026-09-01 19:40:34,9087.83,CRDB_Bank,Zanzibar,Web,1
sdv-id-ytqeUk,C015,2026-09-01 13:04:29,5724.25,KahawaCafe,Dodoma,Web,1
sdv-id-IHJkiG,C070,2026-09-02 04:27:16,5054.25,NMB_Bank,Mbeya,POS,1
sdv-id-mvsZPJ,C098,2026-09-02 09:04:45,9045.57,TigoPesa,Mwanza,MobileApp,1
sdv-id-PyDvsb,C063,2026-09-02 02:13:33,6739.59,CRDB_Bank,Dodoma,ATM,1
sdv-id-BlgbSs,C056,2026-09-01 17:19:16,1547.35,NBC_Bank,Arusha,MobileApp,1
sdv-id-RfkeNB,C088,2026-09-02 07:27:29,3774.63,CRDB_Bank,Mbeya,POS,0
sdv-id-yCcsqR,C059,2026-09-02 04:38:34,8735.08,AirtelMoney,Dar-es-Salaam,MobileApp,1
sdv-id-JFUSdo,C075,2026-09-02 05:20:23,5137.42,Vodacom_M-Pesa,Dar-es-Salaam,POS,1
sdv-id-RCGmCP,C088,2026-09-02 02:23:26,5034.65,KahawaCafe,Mbeya,ATM,1
sdv-id-xOzIDS,C008,2026-09-01 11:55:45,3277.82,AirtelMoney,Dar-es-Salaam,Web,0
sdv-id-VSRNYz,C021,2026-09-01 15:28:31,2589.17,KahawaCafe,Zanzibar,POS,1
sdv-id-WnyAqK,C042,2026-09-01 18:39:26,8398.77,TigoPesa,Mwanza,POS,1
sdv-id-yAXzvH,C067,2026-09-01 20:16:42,7799.34,NBC_Bank,Mbeya,Web,1
sdv-id-crkxOH,C059,2026-09-02 01:15:40,8072.42,NBC_Bank,Dodoma,Web,1
sdv-id-aTphuS,C087,2026-09-02 03:10:17,3790.24,Shoprite,Arusha,Web,1
sdv-id-faAfIU,C067,2026-09-02 04:40:15,7390.99,TigoPesa,Zanzibar,Web,0
sdv-id-irvuWc,C070,2026-09-02 03:21:15,3291.32,NMB_Bank,Dar-es-Salaam,MobileApp,1
sdv-id-ktYxbJ,C059,2026-09-01 23:20:35,8809.64,TigoPesa,Mbeya,POS,1
sdv-id-qruGAy,C049,2026-09-01 18:12:24,337.95,NMB_Bank,Mwanza,MobileApp,1
sdv-id-DxQOFY,C005,2026-09-01 10:21:20,5766.08,Vodacom_M-Pesa,Dar-es-Salaam,MobileApp,1
sdv-id-rjRrTh,C094,2026-09-02 08:11:01,543.04,CRDB_Bank,Dar-es-Salaam,ATM,1
sdv-id-ljWVGq,C042,2026-09-01 17:12:06,1585.26,Shoprite,Dar-es-Salaam,Web,1
sdv-id-hTRwHF,C075,2026-09-02 04:32:10,1292.25,KahawaCafe,Dar-es-Salaam,POS,1
sdv-id-WjCWMi,C070,2026-09-02 03:21:21,4000.5,Shoprite,Zanzibar,ATM,1
sdv-id-PicbFx,C046,2026-09-01 17:06:06,3693.7,NBC_Bank,Mwanza,MobileApp,1
sdv-id-PGOMZk,C025,2026-09-01 13:05:46,8992.7,CRDB_Bank,Zanzibar,Web,1
sdv-id-AQDomY,C022,2026-09-01 12:54:01,1875.18,Shoprite,Mbeya,POS,1
sdv-id-vGgYag,C079,2026-09-02 04:58:57,7598.64,NMB_Bank,Zanzibar,POS,1
sdv-id-CwiaTC,C065,2026-09-01 23:10:14,8336.75,Vodacom_M-Pesa,Zanzibar,MobileApp,1
sdv-id-inRGSj,C094,2026-09-02 08:28:47,7566.16,Vodacom_M-Pesa,Mbeya,ATM,1
sdv-id-XERzRN,C063,2026-09-01 21:38:11,9934.15,Shoprite,Dodoma,Web,1
sdv-id-uXHJHl,C046,2026-09-01 18:49:16,7285.04,NBC_Bank,Zanzibar,POS,1
sdv-id-kjElIO,C053,2026-09-01 21:11:19,2069.65,NMB_Bank,Zanzibar,ATM,1
sdv-id-Hiunrw,C043,2026-09-01 18:49:40,7218.31,Shoprite,Arusha,ATM,1
sdv-id-wDircn,C045,2026-09-01 17:22:22,6899.01,AirtelMoney,Mbeya,ATM,1
sdv-id-vzIivr,C096,2026-09-02 09:04:21,2836.0,CRDB_Bank,Mbeya,MobileApp,1
sdv-id-aNWgnO,C071,2026-09-01 22:27:01,7096.39,KahawaCafe,Dar-es-Salaam,POS,1
sdv-id-sAUwuK,C023,2026-09-01 13:24:33,7671.31,NMB_Bank,Dar-es-Salaam,POS,1
sdv-id-wwWQWS,C036,2026-09-01 13:21:13,3188.05,Shoprite,Dodoma,MobileApp,1
sdv-id-XjZgGi,C051,2026-09-02 00:45:07,9472.92,NBC_Bank,Mwanza,Web,1
sdv-id-vroTRb,C083,2026-09-02 06:47:27,6687.2,CRDB_Bank,Dar-es-Salaam,POS,1
sdv-id-dOXhia,C020,2026-09-01 13:26:28,2885.9,AirtelMoney,Dar-es-Salaam,ATM,1
sdv-id-qxwWWb,C093,2026-09-02 08:21:45,9110.03,CRDB_Bank,Mwanza,POS,1
sdv-id-WdVxsQ,C036,2026-09-01 19:50:08,2984.61,CRDB_Bank,Arusha,Web,0
sdv-id-onPdWY,C021,2026-09-01 14:05:14,7032.41,KahawaCafe,Mbeya,MobileApp,1
sdv-id-bpSIIx,C056,2026-09-01 18:57:03,2330.89,AirtelMoney,Arusha,Web,1
sdv-id-dnUZRp,C015,2026-09-01 12:09:02,1476.88,NMB_Bank,Mbeya,MobileApp,1
sdv-id-IjAyCk,C015,2026-09-01 12:28:43,9059.82,Shoprite,Dar-es-Salaam,POS,0
sdv-id-nUUaeG,C039,2026-09-01 18:05:32,7389.97,Vodacom_M-Pesa,Dodoma,MobileApp,1
sdv-id-VpWVFm,C034,2026-09-01 12:44:50,9942.54,AirtelMoney,Mbeya,POS,1
sdv-id-ikFFxI,C098,2026-09-02 08:01:47,1683.32,Shoprite,Zanzibar,POS,1
sdv-id-wJsNMs,C100,2026-09-02 09:15:00,6524.29,Vodacom_M-Pesa,Mbeya,POS,1
sdv-id-tbqAmD,C067,2026-09-01 20:09:06,3399.24,AirtelMoney,Mbeya,Web,1
sdv-id-nHXhEj,C076,2026-09-02 03:39:20,3081.73,AirtelMoney,Dodoma,POS,1
sdv-id-zJIFvk,C062,2026-09-01 19:33:40,2603.33,CRDB_Bank,Zanzibar,POS,1
sdv-id-nzsERi,C010,2026-09-01 10:43:34,8665.82,Shoprite,Zanzibar,Web,1
sdv-id-MpkrLj,C095,2026-09-02 08:20:44,9680.71,TigoPesa,Dodoma,MobileApp,1
sdv-id-VcaTyh,C005,2026-09-01 09:17:32,7498.29,NMB_Bank,Zanzibar,POS,1
sdv-id-wqfgsP,C088,2026-09-02 06:48:34,6285.66,AirtelMoney,Zanzibar,MobileApp,1
sdv-id-fOOkoI,C018,2026-09-01 12:15:43,4194.51,KahawaCafe,Mbeya,POS,0
sdv-id-BSKVLh,C086,2026-09-02 05:06:04,3524.01,NMB_Bank,Arusha,Web,1
sdv-id-NlTKeH,C009,2026-09-01 09:54:39,5084.22,Shoprite,Mbeya,MobileApp,1
sdv-id-axRrDJ,C002,2026-09-01 08:33:53,1362.66,Shoprite,Dodoma,Web,1
sdv-id-IZbJYq,C058,2026-09-01 20:44:47,3225.19,CRDB_Bank,Mwanza,Web,1
sdv-id-suxlwo,C060,2026-09-01 21:06:20,8456.83,TigoPesa,Dodoma,MobileApp,1
sdv-id-bbPlAk,C018,2026-09-01 13:40:08,9026.98,KahawaCafe,Arusha,Web,1
sdv-id-nVanyu,C067,2026-09-02 02:02:26,9306.69,NMB_Bank,Mbeya,MobileApp,1
sdv-id-oNmGBb,C075,2026-09-02 03:04:01,3998.1,AirtelMoney,Mbeya,POS,1
sdv-id-nqrkJo,C054,2026-09-02 00:30:51,2678.74,Shoprite,Dar-es-Salaam,ATM,1
sdv-id-oqdOUd,C057,2026-09-01 23:05:41,8257.97,CRDB_Bank,Dodoma,POS,1
sdv-id-EFljTq,C043,2026-09-01 17:48:55,3528.82,Shoprite,Arusha,Web,1
sdv-id-PWbBFo,C022,2026-09-01 18:15:26,2734.58,NBC_Bank,Mwanza,Web,1
sdv-id-JuwdDm,C012,2026-09-01 12:06:08,4263.55,AirtelMoney,Mwanza,ATM,1
sdv-id-fQXTRb,C034,2026-09-01 18:27:01,1812.66,Shoprite,Mbeya,Web,1
sdv-id-WngCvB,C037,2026-09-01 16:43:32,5789.0,AirtelMoney,Zanzibar,ATM,1
sdv-id-YNrBJH,C067,2026-09-01 23:46:15,4709.3,TigoPesa,Zanzibar,ATM,1
sdv-id-FOTSdR,C082,2026-09-02 03:25:07,5974.11,AirtelMoney,Dodoma,POS,1
sdv-id-ebMeFd,C026,2026-09-01 13:13:21,7980.75,Shoprite,Zanzibar,Web,1
sdv-id-mEuvfG,C090,2026-09-02 07:42:15,3091.36,NBC_Bank,Mwanza,MobileApp,1
sdv-id-ZJIyFS,C063,2026-09-02 02:01:10,2247.28,Shoprite,Dodoma,MobileApp,1
sdv-id-NAvxeL,C061,2026-09-02 00:12:11,1349.82,AirtelMoney,Dar-es-Salaam,POS,1
sdv-id-atqMOW,C050,2026-09-01 20:49:57,5829.37,TigoPesa,Zanzibar,POS,0
sdv-id-npcJwR,C091,2026-09-02 06:45:55,7664.86,Shoprite,Zanzibar,POS,1
sdv-id-mBZLSK,C016,2026-09-01 12:44:05,9411.55,Shoprite,Zanzibar,MobileApp,1
sdv-id-DRnBhg,C014,2026-09-01 12:29:29,5722.11,CRDB_Bank,Dodoma,Web,0
sdv-id-OWiQpT,C037,2026-09-01 15:43:57,6078.6,AirtelMoney,Mwanza,Web,1
sdv-id-cmAsib,C056,2026-09-01 21:08:22,4692.66,Vodacom_M-Pesa,Mbeya,ATM,1
sdv-id-voBPkM,C091,2026-09-02 08:00:41,3663.72,CRDB_Bank,Mbeya,POS,0
sdv-id-mZJdOY,C090,2026-09-02 05:17:56,6355.58,CRDB_Bank,Mbeya,Web,1
sdv-id-rHhlGj,C058,2026-09-01 23:03:24,9019.01,CRDB_Bank,Dar-es-Salaam,POS,1
sdv-id-TkMHgX,C086,2026-09-02 07:03:08,5988.88,CRDB_Bank,Dodoma,MobileApp,1
sdv-id-qegMcm,C009,2026-09-01 10:23:25,6456.25,CRDB_Bank,Mwanza,Web,1
sdv-id-ASkbtI,C076,2026-09-02 04:19:07,6098.16,CRDB_Bank,Mbeya,POS,1
sdv-id-rcRRUu,C007,2026-09-01 08:59:44,982.46,CRDB_Bank,Dodoma,ATM,1
sdv-id-hUyVwp,C079,2026-09-02 04:54:35,8482.41,Shoprite,Dodoma,POS,0
sdv-id-RWfyKL,C035,2026-09-01 14:20:45,7737.76,AirtelMoney,Mbeya,POS,1
sdv-id-fLMXEl,C068,2026-09-02 03:00:16,7229.49,CRDB_Bank,Dodoma,Web,1
sdv-id-ewRBGv,C079,2026-09-02 03:26:27,4980.24,NMB_Bank,Mwanza,MobileApp,0
sdv-id-ZheSyU,C002,2026-09-01 08:36:39,7211.94,Vodacom_M-Pesa,Mbeya,Web,1
sdv-id-ikcjEM,C092,2026-09-02 06:55:13,4905.07,Shoprite,Zanzibar,POS,0
sdv-id-msczzO,C058,2026-09-02 01:35:36,5940.86,Vodacom_M-Pesa,Mwanza,POS,0
sdv-id-nOsRKX,C023,2026-09-01 14:39:21,3881.6,NMB_Bank,Zanzibar,Web,1
sdv-id-SYdGqZ,C020,2026-09-01 11:39:34,8476.23,CRDB_Bank,Mbeya,Web,1
sdv-id-GxPGPe,C066,2026-09-01 20:07:14,3612.87,AirtelMoney,Dodoma,POS,1
sdv-id-JPlaXs,C082,2026-09-02 03:59:22,5147.0,CRDB_Bank,Zanzibar,POS,0
sdv-id-irRlPh,C088,2026-09-02 06:22:06,3807.36,CRDB_Bank,Mwanza,ATM,1
sdv-id-GPMjBH,C060,2026-09-01 21:49:59,5565.03,AirtelMoney,Mbeya,POS,1
sdv-id-JYDwbQ,C082,2026-09-02 02:23:13,7408.33,CRDB_Bank,Dar-es-Salaam,Web,1
sdv-id-AdYjdB,C077,2026-09-02 00:32:43,8916.32,CRDB_Bank,Dar-es-Salaam,MobileApp,1
sdv-id-gskJVL,C100,2026-09-02 09:15:00,7982.53,CRDB_Bank,Mbeya,Web,1
sdv-id-OfKTOE,C039,2026-09-01 17:18:50,3913.38,Shoprite,Dar-es-Salaam,POS,1
sdv-id-hNPunj,C079,2026-09-01 23:46:52,7249.51,CRDB_Bank,Zanzibar,Web,1
sdv-id-bFZmze,C089,2026-09-02 06:55:49,815.26,CRDB_Bank,Dodoma,MobileApp,0
sdv-id-wzTaJi,C037,2026-09-01 21:42:41,2596.82,NBC_Bank,Dodoma,ATM,1
sdv-id-WSwTCZ,C063,2026-09-02 02:33:02,8713.49,TigoPesa,Arusha,POS,1
sdv-id-RCYOtD,C029,2026-09-01 14:09:30,5476.96,CRDB_Bank,Mbeya,Web,1
sdv-id-UybfJS,C026,2026-09-01 13:09:27,4594.79,TigoPesa,Mwanza,Web,1
sdv-id-DXyLbp,C096,2026-09-02 08:10:25,638.36,AirtelMoney,Dodoma,ATM,1
sdv-id-PIAouN,C012,2026-09-01 10:08:39,1890.2,CRDB_Bank,Dar-es-Salaam,MobileApp,1
sdv-id-ZzFbln,C009,2026-09-01 09:47:17,4170.64,CRDB_Bank,Dar-es-Salaam,POS,0
sdv-id-TznMzv,C070,2026-09-02 01:33:23,6689.38,Shoprite,Mbeya,Web,1
sdv-id-jjviKn,C005,2026-09-01 10:57:34,1117.96,NMB_Bank,Mbeya,MobileApp,0
sdv-id-SNBlEv,C066,2026-09-02 03:39:07,1070.53,NBC_Bank,Dodoma,MobileApp,1
sdv-id-pbXDKd,C062,2026-09-01 19:56:13,2382.42,Vodacom_M-Pesa,Mbeya,ATM,1
sdv-id-ZIxmDH,C056,2026-09-01 22:36:26,6396.61,AirtelMoney,Dar-es-Salaam,POS,0
sdv-id-JTBinA,C073,2026-09-02 02:38:04,4271.63,NBC_Bank,Mwanza,ATM,1
sdv-id-eKtHzy,C081,2026-09-02 00:30:26,9765.55,Vodacom_M-Pesa,Mbeya,POS,1
sdv-id-kfrrkV,C055,2026-09-01 21:58:09,774.61,AirtelMoney,Mbeya,Web,1
sdv-id-fAbNjb,C088,2026-09-02 04:35:43,3429.78,CRDB_Bank,Zanzibar,ATM,1
sdv-id-FMIVpy,C076,2026-09-02 03:10:15,8424.69,AirtelMoney,Mbeya,MobileApp,0
sdv-id-bhwjRv,C065,2026-09-02 00:41:50,904.19,Shoprite,Arusha,MobileApp,1
sdv-id-bkhKcv,C019,2026-09-01 10:45:05,3928.87,Vodacom_M-Pesa,Mwanza,ATM,1
sdv-id-CLlgeI,C074,2026-09-02 03:35:39,4536.59,AirtelMoney,Mbeya,ATM,1
sdv-id-piDbuu,C052,2026-09-01 22:01:07,5025.83,NBC_Bank,Arusha,Web,1
sdv-id-cKOPbg,C015,2026-09-01 13:11:55,6187.28,TigoPesa,Dodoma,POS,1
sdv-id-csJDkv,C031,2026-09-01 17:50:31,1363.54,NBC_Bank,Mbeya,Web,0
sdv-id-UxBGFx,C014,2026-09-01 11:34:30,2793.93,Vodacom_M-Pesa,Mwanza,ATM,1
sdv-id-seWbwX,C031,2026-09-01 13:08:57,464.62,CRDB_Bank,Mbeya,Web,1
sdv-id-TTvpLB,C054,2026-09-01 21:19:32,2728.85,TigoPesa,Zanzibar,ATM,0
sdv-id-LNQDQB,C099,2026-09-02 09:15:00,5539.62,Shoprite,Zanzibar,MobileApp,1
sdv-id-HRhZtx,C079,2026-09-02 04:11:33,6937.1,Shoprite,Dar-es-Salaam,POS,1
sdv-id-MDIuwd,C064,2026-09-02 03:31:34,5266.94,NBC_Bank,Dar-es-Salaam,ATM,1
sdv-id-tnZsis,C025,2026-09-01 15:55:58,756.81,NBC_Bank,Mwanza,Web,1
sdv-id-LwkrNi,C074,2026-09-02 00:10:16,8747.53,KahawaCafe,Mbeya,MobileApp,1
sdv-id-xtkxic,C055,2026-09-01 17:36:03,7821.52,CRDB_Bank,Zanzibar,POS,1
sdv-id-dimUBa,C061,2026-09-01 23:59:58,7685.56,Shoprite,Arusha,Web,1
sdv-id-BxhoSk,C071,2026-09-02 03:20:26,4962.03,Vodacom_M-Pesa,Mwanza,POS,1
sdv-id-eKlqZt,C021,2026-09-01 18:03:05,7103.28,KahawaCafe,Dodoma,POS,1
sdv-id-UunKLi,C016,2026-09-01 11:08:26,7512.01,Shoprite,Mbeya,MobileApp,1
sdv-id-IAXnhu,C058,2026-09-01 20:16:56,5934.26,TigoPesa,Mwanza,ATM,1
sdv-id-IFfAvg,C065,2026-09-02 01:28:19,2823.14,Vodacom_M-Pesa,Mbeya,Web,1
sdv-id-fAXOxW,C092,2026-09-02 07:20:45,8935.25,Shoprite,Dodoma,ATM,1
sdv-id-UaoBoC,C049,2026-09-01 21:36:32,7269.08,TigoPesa,Arusha,POS,1
sdv-id-SUznvy,C074,2026-09-02 01:41:11,3805.67,NMB_Bank,Dar-es-Salaam,Web,1
sdv-id-yEaIse,C030,2026-09-01 16:47:05,6637.23,AirtelMoney,Mwanza,Web,1
sdv-id-XUQefq,C098,2026-09-02 09:15:00,2209.28,CRDB_Bank,Mbeya,Web,1
sdv-id-ZJzDXX,C061,2026-09-01 21:40:57,3908.58,TigoPesa,Mbeya,Web,1
sdv-id-BRWbWv,C068,2026-09-01 23:09:14,4624.55,TigoPesa,Mwanza,POS,1
sdv-id-DCSDAa,C021,2026-09-01 13:36:47,9525.18,AirtelMoney,Mwanza,MobileApp,1
sdv-id-TlpIgc,C091,2026-09-02 05:49:37,750.98,Vodacom_M-Pesa,Mwanza,POS,0
sdv-id-swKJAA,C041,2026-09-01 17:07:33,3361.32,TigoPesa,Dodoma,ATM,1
sdv-id-fjarys,C085,2026-09-02 05:49:33,6032.56,Shoprite,Dar-es-Salaam,POS,0
sdv-id-ySzvQs,C038,2026-09-01 16:29:55,6473.9,NBC_Bank,Zanzibar,POS,1
sdv-id-sUEvuF,C061,2026-09-01 21:08:38,4144.47,CRDB_Bank,Mwanza,Web,1
sdv-id-fmYqZb,C059,2026-09-02 03:17:11,1992.44,CRDB_Bank,Dar-es-Salaam,POS,0
sdv-id-ggkcac,C013,2026-09-01 10:19:39,6574.91,TigoPesa,Dar-es-Salaam,POS,1
sdv-id-ebYBcB,C089,2026-09-02 05:39:23,2724.83,CRDB_Bank,Dar-es-Salaam,POS,1
sdv-id-CKtoHA,C081,2026-09-02 04:51:49,6852.17,NBC_Bank,Mbeya,Web,0
sdv-id-dZITzW,C083,2026-09-02 06:06:47,5994.45,Vodacom_M-Pesa,Arusha,POS,1
sdv-id-EavSMk,C049,2026-09-01 22:49:43,1823.02,CRDB_Bank,Dar-es-Salaam,Web,1
sdv-id-jPjDrS,C090,2026-09-02 06:47:12,9773.43,CRDB_Bank,Zanzibar,POS,1
sdv-id-iCvrZw,C046,2026-09-01 22:09:45,8915.3,AirtelMoney,Mwanza,ATM,1
sdv-id-NoKlPO,C030,2026-09-01 18:50:36,8559.86,NBC_Bank,Dodoma,MobileApp,0
sdv-id-CFFhXV,C024,2026-09-01 14:45:20,8970.22,Vodacom_M-Pesa,Mbeya,POS,1
sdv-id-vdzStc,C088,2026-09-02 06:51:30,9613.55,Vodacom_M-Pesa,Mbeya,POS,1
sdv-id-OSCTdq,C036,2026-09-01 16:48:16,8302.28,Vodacom_M-Pesa,Zanzibar,Web,1
sdv-id-KttlqF,C074,2026-09-02 02:41:27,2835.5,NBC_Bank,Mbeya,Web,1
sdv-id-gTPCDl,C036,2026-09-01 19:16:56,5624.3,Shoprite,Dar-es-Salaam,POS,1
sdv-id-MFwNSY,C063,2026-09-02 01:33:02,3855.14,AirtelMoney,Dar-es-Salaam,Web,1
sdv-id-WppLTA,C035,2026-09-01 14:57:26,8317.21,TigoPesa,Arusha,POS,1
sdv-id-Ncotbd,C019,2026-09-01 13:01:13,3529.38,Shoprite,Mbeya,Web,1
sdv-id-USNYoK,C046,2026-09-01 19:44:35,4215.03,TigoPesa,Zanzibar,Web,1
sdv-id-FAYWuB,C033,2026-09-01 15:12:26,7968.29,Shoprite,Dodoma,ATM,1
sdv-id-fbtUjK,C012,2026-09-01 12:58:49,9851.94,CRDB_Bank,Arusha,Web,1
sdv-id-fcfacW,C067,2026-09-01 23:38:03,9616.29,CRDB_Bank,Dodoma,Web,1
sdv-id-xPnIgw,C089,2026-09-02 04:56:37,5053.11,CRDB_Bank,Mbeya,POS,1
sdv-id-UqvDRv,C018,2026-09-01 11:22:42,9143.73,AirtelMoney,Arusha,ATM,1
sdv-id-YWSrtt,C070,2026-09-02 03:44:09,8324.25,Shoprite,Mbeya,MobileApp,0
sdv-id-Rvbpap,C014,2026-09-01 13:38:01,4919.89,NMB_Bank,Dodoma,Web,1
sdv-id-aQaFMX,C043,2026-09-01 17:48:11,6652.27,TigoPesa,Dodoma,MobileApp,1
sdv-id-vkGHgf,C013,2026-09-01 10:52:55,9198.07,Vodacom_M-Pesa,Mwanza,MobileApp,1
sdv-id-TFYKMs,C075,2026-09-02 03:13:12,2479.49,CRDB_Bank,Zanzibar,POS,1
sdv-id-bEklex,C017,2026-09-01 11:35:14,4930.54,AirtelMoney,Zanzibar,Web,1
sdv-id-kCrdgs,C056,2026-09-01 18:43:39,1740.44,AirtelMoney,Arusha,MobileApp,1
sdv-id-lIMyQW,C096,2026-09-02 07:29:56,8210.24,KahawaCafe,Dar-es-Salaam,POS,1
sdv-id-egqaXM,C100,2026-09-02 09:15:00,1428.12,CRDB_Bank,Mbeya,MobileApp,1
sdv-id-UAPDTL,C094,2026-09-02 07:06:23,9817.76,CRDB_Bank,Mbeya,POS,1
sdv-id-YenQTm,C031,2026-09-01 12:10:03,3601.07,Shoprite,Arusha,Web,1
sdv-id-tBQxcn,C093,2026-09-02 07:35:02,4309.79,CRDB_Bank,Mbeya,MobileApp,1
sdv-id-hSSiSZ,C078,2026-09-02 05:16:00,1986.76,Shoprite,Mbeya,ATM,0
sdv-id-QWMYDI,C079,2026-09-02 00:42:25,3515.71,Vodacom_M-Pesa,Arusha,MobileApp,1
sdv-id-OOrepf,C040,2026-09-01 22:43:39,4055.33,Vodacom_M-Pesa,Mbeya,POS,0
sdv-id-JVzcdU,C009,2026-09-01 11:48:57,9510.51,CRDB_Bank,Mbeya,ATM,1
sdv-id-STOqrm,C095,2026-09-02 08:03:48,3164.37,TigoPesa,Arusha,Web,0
sdv-id-mPQGRU,C081,2026-09-02 06:22:02,7009.38,CRDB_Bank,Arusha,ATM,1
sdv-id-irOgki,C021,2026-09-01 13:32:41,6020.44,Vodacom_M-Pesa,Mwanza,ATM,1
sdv-id-TEHzIz,C098,2026-09-02 09:15:00,4063.9,AirtelMoney,Mbeya,MobileApp,1
sdv-id-cjVMXF,C020,2026-09-01 15:54:56,3177.46,CRDB_Bank,Zanzibar,MobileApp,0
sdv-id-PitFln,C084,2026-09-02 06:21:29,7456.83,NBC_Bank,Arusha,ATM,1
sdv-id-ryOIrS,C073,2026-09-02 04:05:10,3196.22,KahawaCafe,Mwanza,MobileApp,1
sdv-id-aeqBEw,C092,2026-09-02 07:38:35,7414.35,AirtelMoney,Mwanza,POS,1
sdv-id-heeXak,C057,2026-09-01 23:51:58,7397.02,TigoPesa,Zanzibar,POS,1
sdv-id-izYeyl,C010,2026-09-01 12:00:50,8771.71,AirtelMoney,Zanzibar,Web,1
sdv-id-OIbiJR,C044,2026-09-01 16:52:16,2225.14,Vodacom_M-Pesa,Mbeya,POS,0
sdv-id-OQIpII,C065,2026-09-01 23:18:03,1623.39,Vodacom_M-Pesa,Dodoma,ATM,1
sdv-id-VtPBXc,C087,2026-09-02 06:51:50,6719.84,Vodacom_M-Pesa,Arusha,Web,1
sdv-id-CCFQso,C017,2026-09-01 12:26:27,3904.68,Shoprite,Mbeya,Web,1
sdv-id-wHxTwa,C033,2026-09-01 19:28:31,448.23,AirtelMoney,Dar-es-Salaam,Web,0
sdv-id-ssISan,C035,2026-09-01 21:36:25,9413.21,KahawaCafe,Mbeya,MobileApp,1
sdv-id-ayBDRO,C092,2026-09-02 07:16:58,1837.05,Vodacom_M-Pesa,Dodoma,Web,1
sdv-id-zsfmfL,C057,2026-09-01 23:56:32,1024.22,CRDB_Bank,Zanzibar,ATM,1
sdv-id-oAEAbb,C026,2026-09-01 17:23:46,9456.69,KahawaCafe,Mbeya,POS,1
sdv-id-INAifE,C027,2026-09-01 14:11:44,2825.95,NBC_Bank,Dar-es-Salaam,MobileApp,1
sdv-id-SkjiFT,C099,2026-09-02 09:15:00,1240.85,NMB_Bank,Dar-es-Salaam,POS,1
sdv-id-nMbcvg,C030,2026-09-01 18:28:53,9220.54,Shoprite,Arusha,POS,0
sdv-id-yUkNyb,C029,2026-09-01 10:59:37,3782.4,CRDB_Bank,Mwanza,Web,1
sdv-id-rdZArw,C075,2026-09-02 06:10:02,2291.43,CRDB_Bank,Dodoma,ATM,0
sdv-id-pAGehd,C037,2026-09-01 15:32:36,4305.85,AirtelMoney,Dodoma,MobileApp,1
sdv-id-ZfYnWW,C068,2026-09-02 00:53:11,8056.94,AirtelMoney,Dodoma,POS,1
sdv-id-LBZQPF,C079,2026-09-02 05:38:06,8570.22,TigoPesa,Dar-es-Salaam,POS,1
sdv-id-cLerqH,C034,2026-09-01 21:18:59,4222.34,CRDB_Bank,Dar-es-Salaam,POS,1
sdv-id-KXcuxh,C085,2026-09-02 07:32:49,9234.76,TigoPesa,Dar-es-Salaam,Web,1
sdv-id-vnYEbp,C050,2026-09-01 21:08:04,1665.85,KahawaCafe,Mbeya,Web,1
sdv-id-QeXrYW,C099,2026-09-02 09:15:00,7105.1,TigoPesa,Dodoma,Web,0
sdv-id-MBOoQt,C036,2026-09-01 15:30:06,9198.33,KahawaCafe,Dar-es-Salaam,POS,1
sdv-id-PrKMcS,C035,2026-09-01 16:26:41,9560.93,CRDB_Bank,Dar-es-Salaam,MobileApp,1
sdv-id-MOOllY,C079,2026-09-02 03:29:08,3019.7,TigoPesa,Zanzibar,Web,1
sdv-id-XlGidd,C051,2026-09-01 23:29:55,9614.37,TigoPesa,Mwanza,Web,1
sdv-id-njcDaO,C072,2026-09-02 00:00:45,1943.57,TigoPesa,Dodoma,MobileApp,1
sdv-id-WbzlVj,C007,2026-09-01 09:40:41,5234.04,Shoprite,Arusha,Web,1
sdv-id-XjTNqy,C088,2026-09-02 05:56:59,1675.58,Vodacom_M-Pesa,Mwanza,POS,1
sdv-id-FtncRP,C006,2026-09-01 09:22:24,5590.8,CRDB_Bank,Mbeya,ATM,1
sdv-id-ISWsLB,C074,2026-09-02 02:04:28,2936.83,TigoPesa,Mbeya,POS,1
sdv-id-NGvpte,C080,2026-09-02 04:19:54,1228.46,CRDB_Bank,Mwanza,POS,1
sdv-id-OVqpFY,C015,2026-09-01 10:02:14,2629.19,Shoprite,Arusha,Web,1
sdv-id-rvHiIu,C034,2026-09-01 20:11:53,3217.33,Shoprite,Arusha,ATM,1
sdv-id-OQkobP,C007,2026-09-01 09:24:42,4014.52,NBC_Bank,Zanzibar,MobileApp,1
sdv-id-pKCNWv,C018,2026-09-01 14:10:24,5381.53,NMB_Bank,Dar-es-Salaam,Web,0
sdv-id-oUoCGZ,C065,2026-09-02 01:39:54,4642.94,CRDB_Bank,Dodoma,Web,1
sdv-id-fBcXpT,C022,2026-09-01 12:00:55,2713.28,TigoPesa,Dar-es-Salaam,MobileApp,0
sdv-id-JNKBuT,C020,2026-09-01 13:35:10,7564.74,NMB_Bank,Dodoma,POS,1
sdv-id-LMqnjA,C015,2026-09-01 15:09:12,6814.89,CRDB_Bank,Mwanza,Web,1
sdv-id-HQUcRN,C022,2026-09-01 12:09:07,2314.71,CRDB_Bank,Dar-es-Salaam,POS,1
sdv-id-ogqkbt,C020,2026-09-01 14:11:32,7946.85,TigoPesa,Mbeya,MobileApp,0
sdv-id-nPdCVJ,C008,2026-09-01 09:42:37,4082.06,KahawaCafe,Zanzibar,ATM,1
sdv-id-XGtteA,C031,2026-09-01 15:43:27,2692.81,AirtelMoney,Dodoma,Web,1
sdv-id-GnAeyV,C085,2026-09-02 07:40:49,7291.04,CRDB_Bank,Dar-es-Salaam,POS,1
sdv-id-wavnFB,C039,2026-09-01 18:12:48,8484.3,Shoprite,Dar-es-Salaam,Web,1
sdv-id-SeaTYN,C042,2026-09-01 19:33:23,6448.78,AirtelMoney,Dodoma,POS,1
sdv-id-fBAlLC,C037,2026-09-01 17:23:07,4746.15,CRDB_Bank,Zanzibar,Web,1
sdv-id-dqtULs,C049,2026-09-01 21:20:49,3875.72,AirtelMoney,Mwanza,MobileApp,1
sdv-id-uVMlXY,C033,2026-09-01 15:20:52,6340.92,TigoPesa,Arusha,POS,0
sdv-id-TbMPGD,C065,2026-09-01 22:35:08,8710.28,TigoPesa,Dar-es-Salaam,POS,1
sdv-id-mZRZjj,C006,2026-09-01 10:09:16,8845.38,Shoprite,Mbeya,Web,1
sdv-id-JUmygr,C019,2026-09-01 16:04:55,9847.63,AirtelMoney,Mbeya,POS,1
sdv-id-cMcDgR,C011,2026-09-01 09:46:23,1912.77,AirtelMoney,Dodoma,MobileApp,1
sdv-id-mjvvQi,C085,2026-09-02 06:51:51,1921.39,CRDB_Bank,Zanzibar,Web,0
sdv-id-hqMFtm,C009,2026-09-01 10:18:34,3499.27,NBC_Bank,Arusha,Web,1
sdv-id-EHRfGg,C046,2026-09-01 17:46:02,9097.7,TigoPesa,Zanzibar,MobileApp,1
sdv-id-XlNCEE,C002,2026-09-01 08:45:14,889.13,KahawaCafe,Arusha,Web,1
sdv-id-fqgKMP,C040,2026-09-01 18:52:31,3592.1,KahawaCafe,Dar-es-Salaam,POS,0
sdv-id-bwpPUa,C013,2026-09-01 09:40:22,3801.78,NMB_Bank,Zanzibar,ATM,1
sdv-id-ssRoEc,C082,2026-09-02 03:07:54,4327.65,NBC_Bank,Dodoma,ATM,1
sdv-id-qqhaar,C054,2026-09-01 22:22:52,6858.4,KahawaCafe,Dar-es-Salaam,MobileApp,1
sdv-id-KdIZQA,C076,2026-09-02 02:00:58,3066.09,Vodacom_M-Pesa,Zanzibar,Web,1
sdv-id-UDpGaZ,C048,2026-09-01 17:31:30,3652.37,NMB_Bank,Arusha,ATM,1
sdv-id-CFWwGy,C073,2026-09-02 03:47:42,8122.12,AirtelMoney,Mbeya,Web,0
sdv-id-AbMSkA,C053,2026-09-01 18:55:57,2866.8,NBC_Bank,Zanzibar,Web,1
sdv-id-RiycGb,C045,2026-09-01 17:49:49,5354.02,TigoPesa,Zanzibar,ATM,0
sdv-id-VnPlcw,C034,2026-09-01 16:33:40,6305.76,NBC_Bank,Dar-es-Salaam,MobileApp,0
sdv-id-kNBGCN,C058,2026-09-02 00:34:24,2536.77,AirtelMoney,Zanzibar,MobileApp,1
sdv-id-BhxAnB,C029,2026-09-01 14:12:03,3072.52,NBC_Bank,Dar-es-Salaam,Web,1
sdv-id-JkMfzX,C008,2026-09-01 11:08:02,1006.05,Shoprite,Mbeya,POS,1
sdv-id-RjPgXf,C081,2026-09-02 01:38:56,7357.68,Shoprite,Zanzibar,MobileApp,1
sdv-id-VpQuER,C090,2026-09-02 06:29:24,9357.38,AirtelMoney,Zanzibar,ATM,1
sdv-id-JJfwIz,C041,2026-09-01 20:41:30,7452.33,TigoPesa,Mbeya,ATM,1
sdv-id-SqkOkr,C099,2026-09-02 09:12:06,7241.71,NBC_Bank,Mbeya,Web,1
sdv-id-RSjzZn,C014,2026-09-01 13:19:34,7678.59,TigoPesa,Zanzibar,Web,1
sdv-id-MtIibX,C043,2026-09-01 23:07:22,8477.28,AirtelMoney,Dar-es-Salaam,Web,1
sdv-id-ybXLQU,C074,2026-09-02 04:35:09,8698.54,KahawaCafe,Dodoma,MobileApp,1
sdv-id-SmDQWk,C096,2026-09-02 09:15:00,1677.41,CRDB_Bank,Dar-es-Salaam,POS,1
sdv-id-PSXEON,C072,2026-09-02 01:59:19,9342.73,TigoPesa,Mwanza,POS,1
sdv-id-sZLeoy,C064,2026-09-01 23:08:11,1729.34,TigoPesa,Dar-es-Salaam,MobileApp,0
sdv-id-qfOBOe,C028,2026-09-01 17:55:39,4663.11,Shoprite,Zanzibar,Web,1
sdv-id-rJvCqZ,C034,2026-09-01 13:16:04,3900.63,Shoprite,Arusha,POS,1
sdv-id-XweShe,C051,2026-09-01 19:39:42,4742.63,NMB_Bank,Zanzibar,Web,1
sdv-id-uZoWXm,C051,2026-09-02 00:12:57,1572.44,TigoPesa,Mbeya,POS,0
sdv-id-ggWNrT,C045,2026-09-01 23:58:15,1069.95,Shoprite,Mwanza,Web,1
sdv-id-JLSJTE,C028,2026-09-01 12:50:45,2539.0,Shoprite,Zanzibar,POS,0
sdv-id-shNpVy,C084,2026-09-02 01:58:27,2281.94,AirtelMoney,Mbeya,Web,1
sdv-id-DMSXhE,C064,2026-09-02 02:15:37,3624.66,NMB_Bank,Mbeya,Web,1
sdv-id-whrqXQ,C026,2026-09-01 13:58:44,3044.71,NBC_Bank,Dodoma,ATM,1
sdv-id-JrEqOi,C071,2026-09-02 00:22:42,4023.66,NMB_Bank,Mwanza,ATM,1
sdv-id-fVWDQg,C023,2026-09-01 16:30:53,9399.65,KahawaCafe,Dar-es-Salaam,Web,0
sdv-id-uPHGpl,C084,2026-09-02 05:41:41,4299.47,AirtelMoney,Dar-es-Salaam,POS,1
sdv-id-pUcira,C066,2026-09-02 00:48:26,9070.37,Shoprite,Mbeya,POS,1
sdv-id-ZHPSxP,C014,2026-09-01 13:26:19,6318.7,NMB_Bank,Dar-es-Salaam,Web,1
sdv-id-teePVd,C080,2026-09-02 05:56:41,680.31,Vodacom_M-Pesa,Mwanza,MobileApp,1
sdv-id-MaWXOV,C071,2026-09-02 03:03:06,9122.84,TigoPesa,Dar-es-Salaam,Web,1
sdv-id-RqdfGh,C013,2026-09-01 11:41:44,7478.45,Shoprite,Arusha,Web,1
sdv-id-ZnQsgk,C014,2026-09-01 10:32:13,4654.93,Vodacom_M-Pesa,Mbeya,POS,1
sdv-id-UmOKBj,C090,2026-09-02 08:46:21,8160.88,AirtelMoney,Mbeya,Web,1
sdv-id-zIUIJo,C065,2026-09-02 02:40:12,4344.47,NMB_Bank,Mwanza,MobileApp,1
sdv-id-MTNokS,C008,2026-09-01 09:35:59,7101.55,CRDB_Bank,Arusha,Web,1
sdv-id-iEjEqc,C007,2026-09-01 09:15:05,9408.4,Vodacom_M-Pesa,Arusha,ATM,1
sdv-id-vZyTgU,C042,2026-09-01 19:42:28,7838.93,NBC_Bank,Dar-es-Salaam,Web,1
sdv-id-VHkAMJ,C016,2026-09-01 14:29:04,2257.24,CRDB_Bank,Dodoma,POS,0
sdv-id-KudFGK,C042,2026-09-01 18:01:34,8946.8,AirtelMoney,Mwanza,POS,1
sdv-id-ZgkVSM,C052,2026-09-01 18:39:19,7599.56,Vodacom_M-Pesa,Mwanza,POS,1
sdv-id-MSvbHZ,C009,2026-09-01 09:51:05,7281.82,Shoprite,Dodoma,ATM,1
sdv-id-JLHnhp,C078,2026-09-02 01:43:23,7765.9,NBC_Bank,Mbeya,POS,1
sdv-id-tFRFXN,C040,2026-09-01 15:13:17,4902.18,NBC_Bank,Dar-es-Salaam,ATM,1
sdv-id-QLyXiH,C053,2026-09-01 17:17:23,9079.67,TigoPesa,Mbeya,POS,0
sdv-id-prCGnJ,C020,2026-09-01 11:10:03,3740.3,Shoprite,Zanzibar,Web,1
sdv-id-mkTvgb,C090,2026-09-02 06:08:19,1979.8,NMB_Bank,Arusha,POS,1
sdv-id-xxHkUc,C057,2026-09-01 23:27:19,6371.91,AirtelMoney,Arusha,Web,1
sdv-id-YPvvTN,C047,2026-09-01 20:04:03,5636.2,TigoPesa,Dodoma,POS,1
sdv-id-BczscD,C053,2026-09-01 17:57:03,9102.92,Vodacom_M-Pesa,Zanzibar,POS,1
sdv-id-SPLSiI,C027,2026-09-01 14:46:35,9055.15,TigoPesa,Zanzibar,Web,1
sdv-id-KjavfD,C035,2026-09-01 16:42:53,6656.19,CRDB_Bank,Dodoma,POS,0
sdv-id-YwgzvU,C020,2026-09-01 14:20:55,9496.6,Vodacom_M-Pesa,Arusha,Web,1
sdv-id-mFUzfV,C015,2026-09-01 11:22:43,7877.2,AirtelMoney,Arusha,Web,1
sdv-id-feaThC,C062,2026-09-02 02:34:38,9163.08,NBC_Bank,Mwanza,POS,1
sdv-id-Pqkdkd,C024,2026-09-01 13:15:08,8426.3,AirtelMoney,Mwanza,ATM,1
sdv-id-LREMSe,C006,2026-09-01 09:44:26,6726.53,CRDB_Bank,Arusha,MobileApp,1
sdv-id-ahAADw,C086,2026-09-02 07:05:30,414.98,Shoprite,Mwanza,Web,1
sdv-id-dIKIZw,C087,2026-09-02 06:07:26,2496.63,NMB_Bank,Dar-es-Salaam,POS,1
sdv-id-jknVji,C040,2026-09-01 19:37:01,5940.28,KahawaCafe,Mbeya,Web,1
sdv-id-LAQMab,C038,2026-09-01 18:18:01,3668.25,CRDB_Bank,Dodoma,POS,1
sdv-id-HBElsA,C062,2026-09-02 02:38:41,8115.79,CRDB_Bank,Zanzibar,ATM,1
sdv-id-XgkbNJ,C070,2026-09-02 03:54:31,4313.25,Vodacom_M-Pesa,Mwanza,Web,1
sdv-id-PfjeAw,C099,2026-09-02 09:15:00,6882.21,CRDB_Bank,Dar-es-Salaam,Web,1
sdv-id-NYhHIC,C060,2026-09-01 18:08:51,2911.45,CRDB_Bank,Mbeya,POS,1
sdv-id-bkCNUt,C070,2026-09-02 02:59:38,9224.79,TigoPesa,Mbeya,MobileApp,1
sdv-id-VODMwH,C021,2026-09-01 11:48:55,912.26,Shoprite,Dodoma,MobileApp,1
sdv-id-OJnctX,C073,2026-09-02 03:10:58,5886.82,TigoPesa,Dodoma,ATM,1
sdv-id-yCaCtK,C089,2026-09-02 06:36:30,9928.12,CRDB_Bank,Dar-es-Salaam,MobileApp,1
sdv-id-RRBLHD,C078,2026-09-02 04:53:13,7737.43,AirtelMoney,Mbeya,Web,1
sdv-id-wKkcbu,C017,2026-09-01 11:24:15,3026.56,NBC_Bank,Mbeya,Web,1
sdv-id-LpApMb,C035,2026-09-01 17:06:35,2085.65,Shoprite,Mwanza,Web,1
sdv-id-gagaSZ,C003,2026-09-01 08:57:23,3943.76,AirtelMoney,Dodoma,MobileApp,1
sdv-id-qxyQTI,C029,2026-09-01 17:33:32,2708.95,TigoPesa,Mbeya,POS,1
sdv-id-ICRPwc,C057,2026-09-01 23:10:52,3340.81,AirtelMoney,Zanzibar,Web,0
sdv-id-KYzTQp,C028,2026-09-01 16:19:24,6458.54,CRDB_Bank,Dar-es-Salaam,Web,1
sdv-id-pTxwzF,C084,2026-09-02 07:00:36,9740.56,Vodacom_M-Pesa,Mwanza,POS,1
sdv-id-FLLPNW,C078,2026-09-02 02:08:51,9795.17,AirtelMoney,Mbeya,MobileApp,1
sdv-id-NdQipo,C069,2026-09-02 03:42:47,7335.29,TigoPesa,Dodoma,Web,1
sdv-id-zbzZUO,C066,2026-09-02 02:46:20,7117.65,CRDB_Bank,Mwanza,Web,1
sdv-id-eYUyNC,C045,2026-09-01 19:45:29,4707.27,CRDB_Bank,Arusha,ATM,1
sdv-id-PgfJFN,C018,2026-09-01 12:56:31,1058.12,TigoPesa,Dodoma,ATM,1
sdv-id-fCSApZ,C093,2026-09-02 03:38:50,1685.75,CRDB_Bank,Zanzibar,MobileApp,1
sdv-id-wTzKPn,C097,2026-09-02 09:15:00,9056.09,TigoPesa,Dodoma,MobileApp,0
sdv-id-XMMjLH,C036,2026-09-01 12:26:43,3092.94,AirtelMoney,Mbeya,POS,1
sdv-id-WYRgmk,C095,2026-09-02 09:15:00,8332.63,CRDB_Bank,Mbeya,POS,1
sdv-id-eZHnfz,C008,2026-09-01 09:47:11,3251.76,Shoprite,Arusha,ATM,1
sdv-id-OLmoKm,C021,2026-09-01 13:15:17,6784.3,CRDB_Bank,Mbeya,MobileApp,0
sdv-id-DyIXtK,C092,2026-09-02 07:45:00,6772.86,CRDB_Bank,Dar-es-Salaam,POS,1
sdv-id-Jlixho,C017,2026-09-01 15:03:48,4428.54,NBC_Bank,Mwanza,MobileApp,1
sdv-id-FnqMtW,C043,2026-09-01 16:01:11,1213.56,CRDB_Bank,Dodoma,Web,1
sdv-id-XHereX,C040,2026-09-01 18:39:38,1043.34,CRDB_Bank,Arusha,Web,0
sdv-id-ztObsk,C023,2026-09-01 12:35:51,582.28,Shoprite,Dar-es-Salaam,POS,0
sdv-id-qzYhrD,C041,2026-09-01 21:30:01,8364.93,Shoprite,Mbeya,Web,1
sdv-id-QvJjnz,C039,2026-09-01 20:08:52,2771.97,NMB_Bank,Dodoma,POS,0
sdv-id-PZDGga,C092,2026-09-02 04:31:30,5512.42,Shoprite,Dar-es-Salaam,POS,1
sdv-id-ekLDkh,C011,2026-09-01 09:57:41,6758.35,NBC_Bank,Mwanza,ATM,1
sdv-id-rRnCBf,C028,2026-09-01 12:58:43,5385.76,TigoPesa,Mwanza,ATM,1
sdv-id-rrliZo,C085,2026-09-02 07:20:29,1536.05,NMB_Bank,Dar-es-Salaam,POS,0
sdv-id-KQEZvV,C072,2026-09-02 04:27:05,9655.99,AirtelMoney,Mwanza,POS,1
sdv-id-sTyHHw,C055,2026-09-01 21:41:15,5975.49,AirtelMoney,Dodoma,ATM,1
sdv-id-ByoHMp,C085,2026-09-02 07:20:35,4100.99,TigoPesa,Dodoma,Web,1
sdv-id-FzZamm,C035,2026-09-01 16:48:15,2714.67,TigoPesa,Mbeya,MobileApp,1
sdv-id-OcFZfp,C093,2026-09-02 07:20:02,9714.69,Vodacom_M-Pesa,Arusha,MobileApp,1
sdv-id-XxufyM,C080,2026-09-02 05:10:48,2630.27,AirtelMoney,Mbeya,Web,1
sdv-id-rvAQjm,C055,2026-09-01 21:37:40,5972.94,AirtelMoney,Dar-es-Salaam,POS,1
sdv-id-JVoxuC,C070,2026-09-01 22:45:59,4054.96,TigoPesa,Mbeya,Web,0
sdv-id-fNuXyO,C013,2026-09-01 10:47:00,6808.88,Shoprite,Dodoma,Web,0
sdv-id-MzncSq,C094,2026-09-02 08:58:16,2787.64,KahawaCafe,Arusha,POS,1
sdv-id-EhvWRU,C097,2026-09-02 07:32:31,984.42,AirtelMoney,Mbeya,POS,1
sdv-id-kysmPP,C075,2026-09-02 02:54:24,9864.04,TigoPesa,Dar-es-Salaam,Web,1
sdv-id-eNXBsY,C092,2026-09-02 06:27:05,4700.84,NMB_Bank,Arusha,ATM,1
sdv-id-jEHiwD,C085,2026-09-02 06:01:51,8427.73,NBC_Bank,Dodoma,POS,0
sdv-id-aSiZqN,C028,2026-09-01 15:16:53,4006.62,CRDB_Bank,Mwanza,ATM,1
sdv-id-pqXbaW,C030,2026-09-01 15:11:39,8428.32,CRDB_Bank,Mwanza,ATM,1
sdv-id-Ccuyze,C083,2026-09-02 06:01:25,8629.89,Shoprite,Dodoma,Web,1
sdv-id-rvsXuB,C027,2026-09-01 19:11:35,1727.52,NBC_Bank,Mwanza,Web,0
sdv-id-kvBAuk,C069,2026-09-02 03:46:11,8377.87,AirtelMoney,Zanzibar,POS,1
sdv-id-ysXkvm,C037,2026-09-01 17:23:05,5323.01,TigoPesa,Arusha,MobileApp,0
sdv-id-mkeinX,C057,2026-09-01 23:25:41,8513.73,NBC_Bank,Arusha,POS,1
sdv-id-EyDvML,C097,2026-09-02 07:46:45,3538.06,Vodacom_M-Pesa,Dodoma,Web,1
sdv-id-itdDOw,C094,2026-09-02 07:31:51,9306.27,CRDB_Bank,Mbeya,ATM,1
sdv-id-CorLnZ,C078,2026-09-02 05:33:56,967.51,CRDB_Bank,Mwanza,POS,1
sdv-id-pIzlVJ,C019,2026-09-01 11:52:47,1063.96,TigoPesa,Zanzibar,MobileApp,0
sdv-id-jGabWE,C087,2026-09-02 04:38:15,8705.76,CRDB_Bank,Zanzibar,ATM,1
sdv-id-XgsaJh,C069,2026-09-02 00:29:15,7684.12,CRDB_Bank,Mbeya,Web,1
sdv-id-MnrTha,C039,2026-09-01 16:33:04,8840.72,AirtelMoney,Arusha,MobileApp,1
sdv-id-ODUbjU,C058,2026-09-01 19:05:09,6339.53,TigoPesa,Mwanza,MobileApp,1
sdv-id-asOMBn,C038,2026-09-01 19:04:21,9275.31,CRDB_Bank,Arusha,MobileApp,1
sdv-id-JylnuK,C088,2026-09-02 06:56:14,8870.09,NBC_Bank,Arusha,POS,1
sdv-id-Hdmvgv,C020,2026-09-01 12:20:24,9290.51,TigoPesa,Mwanza,Web,1
sdv-id-owoIhk,C043,2026-09-01 15:00:25,3958.16,AirtelMoney,Mwanza,Web,1
sdv-id-wWFiiy,C027,2026-09-01 14:42:45,5433.58,NMB_Bank,Dodoma,POS,0
sdv-id-jNucSf,C072,2026-09-02 03:41:54,8059.18,CRDB_Bank,Dar-es-Salaam,ATM,1
sdv-id-daKztb,C007,2026-09-01 09:09:55,550.1,NBC_Bank,Zanzibar,ATM,1
sdv-id-wDEDPv,C063,2026-09-02 02:40:29,6259.93,Shoprite,Mbeya,Web,1
sdv-id-VKophv,C031,2026-09-01 13:38:44,5511.93,Shoprite,Dodoma,ATM,1
sdv-id-uZeHlx,C062,2026-09-02 00:47:28,6490.91,TigoPesa,Dar-es-Salaam,MobileApp,1
sdv-id-sJTIiC,C084,2026-09-02 04:15:40,6128.85,NMB_Bank,Dar-es-Salaam,MobileApp,1
sdv-id-XKiwBA,C037,2026-09-01 19:01:26,908.14,CRDB_Bank,Dar-es-Salaam,POS,1
sdv-id-POCaYI,C100,2026-09-02 09:15:00,4665.34,Shoprite,Mbeya,Web,1
sdv-id-DMwnVt,C040,2026-09-01 17:21:14,7633.68,NMB_Bank,Zanzibar,Web,1
sdv-id-vMYQmS,C014,2026-09-01 11:21:47,8147.66,TigoPesa,Zanzibar,ATM,1
sdv-id-VXZVsF,C077,2026-09-02 01:53:12,7088.85,Shoprite,Mwanza,Web,1
sdv-id-OQydeI,C017,2026-09-01 12:46:07,8193.24,CRDB_Bank,Zanzibar,Web,1
sdv-id-FziHpn,C071,2026-09-02 03:27:10,8528.62,Vodacom_M-Pesa,Dar-es-Salaam,MobileApp,1
sdv-id-UFsftQ,C045,2026-09-01 21:30:42,5500.09,NBC_Bank,Mwanza,Web,1
sdv-id-TdkEXs,C091,2026-09-02 04:51:13,8641.37,NBC_Bank,Arusha,POS,1
sdv-id-KqzxQw,C081,2026-09-02 04:57:41,2607.92,KahawaCafe,Mbeya,ATM,0
sdv-id-nhcHgc,C068,2026-09-01 23:47:14,1205.47,NMB_Bank,Dodoma,ATM,1
sdv-id-Gdqfqr,C084,2026-09-02 07:15:21,8098.22,Shoprite,Zanzibar,POS,0
sdv-id-urczJB,C087,2026-09-02 05:16:51,9415.93,KahawaCafe,Zanzibar,Web,1
sdv-id-TxxjNW,C026,2026-09-01 15:40:45,9056.73,KahawaCafe,Dodoma,MobileApp,1
sdv-id-oGUAYB,C067,2026-09-02 01:03:59,7233.2,NBC_Bank,Dodoma,ATM,1
sdv-id-ArcCyL,C091,2026-09-02 06:52:39,9481.71,Shoprite,Dar-es-Salaam,MobileApp,1
sdv-id-scyINp,C083,2026-09-02 04:30:15,843.23,Vodacom_M-Pesa,Arusha,Web,1
sdv-id-ipEiaY,C066,2026-09-02 00:52:25,1931.92,KahawaCafe,Arusha,ATM,1
sdv-id-VKUwrk,C045,2026-09-01 15:25:20,3052.23,Shoprite,Mwanza,POS,1
sdv-id-QfoZAe,C058,2026-09-01 23:25:21,4089.55,Shoprite,Zanzibar,Web,1
sdv-id-zABWGF,C070,2026-09-02 00:17:44,1008.78,AirtelMoney,Dodoma,Web,1
sdv-id-jYAvcD,C096,2026-09-02 08:59:43,2722.11,AirtelMoney,Dodoma,MobileApp,0
sdv-id-RYzhIO,C060,2026-09-02 03:44:50,7598.28,Shoprite,Dar-es-Salaam,POS,1
sdv-id-fljQIA,C041,2026-09-01 18:37:13,2891.83,Shoprite,Dar-es-Salaam,POS,1
sdv-id-JRpJJi,C009,2026-09-01 10:29:39,8740.94,NBC_Bank,Dar-es-Salaam,MobileApp,1
sdv-id-OqzlZn,C048,2026-09-01 21:02:11,5290.08,KahawaCafe,Mbeya,ATM,1
sdv-id-SAKdmx,C073,2026-09-01 22:17:58,417.41,AirtelMoney,Zanzibar,MobileApp,1
sdv-id-RFXWqu,C057,2026-09-01 19:02:30,6811.56,CRDB_Bank,Mbeya,POS,1
sdv-id-GRbzaX,C089,2026-09-02 03:51:55,3111.85,CRDB_Bank,Zanzibar,Web,1
sdv-id-TstMnb,C043,2026-09-01 20:10:07,4879.65,TigoPesa,Dodoma,MobileApp,1
sdv-id-pqRGAi,C021,2026-09-01 10:56:07,8782.92,CRDB_Bank,Zanzibar,Web,1
sdv-id-mPvPZM,C014,2026-09-01 11:58:21,7516.78,KahawaCafe,Zanzibar,ATM,1
sdv-id-ARtYIj,C094,2026-09-02 07:25:37,7593.39,AirtelMoney,Mbeya,Web,1
sdv-id-iDzQMZ,C091,2026-09-02 05:21:41,2867.76,Shoprite,Arusha,MobileApp,1
sdv-id-BcMTUQ,C008,2026-09-01 10:13:50,9763.37,AirtelMoney,Mbeya,ATM,1
sdv-id-cAsPLQ,C045,2026-09-01 17:51:21,7348.64,NBC_Bank,Dar-es-Salaam,POS,1
sdv-id-sHBQRP,C091,2026-09-02 06:47:12,3675.92,CRDB_Bank,Mwanza,MobileApp,1
sdv-id-NrpyIi,C098,2026-09-02 09:15:00,7920.84,NBC_Bank,Mwanza,MobileApp,1
sdv-id-LIbOEq,C013,2026-09-01 12:35:21,4707.48,KahawaCafe,Zanzibar,Web,1
sdv-id-nwMRGf,C062,2026-09-02 01:12:23,6193.66,KahawaCafe,Arusha,ATM,1
sdv-id-sBWfgY,C060,2026-09-01 18:15:31,9180.65,Vodacom_M-Pesa,Zanzibar,ATM,1
sdv-id-BqkoXK,C085,2026-09-02 05:44:22,7273.81,TigoPesa,Mbeya,MobileApp,0
sdv-id-WafAAH,C093,2026-09-02 07:49:09,3653.61,CRDB_Bank,Mwanza,MobileApp,1
sdv-id-PXUnlm,C079,2026-09-02 03:14:35,9447.9,TigoPesa,Zanzibar,MobileApp,0
sdv-id-sGLUgh,C032,2026-09-01 13:57:34,9771.86,NBC_Bank,Arusha,ATM,1
sdv-id-GmqLwZ,C064,2026-09-01 23:25:51,5458.91,CRDB_Bank,Mbeya,Web,1
sdv-id-HXJasc,C097,2026-09-02 09:15:00,6362.6,TigoPesa,Dodoma,ATM,1
sdv-id-lSMUtS,C094,2026-09-02 05:36:44,2657.43,CRDB_Bank,Mwanza,MobileApp,0
sdv-id-vQDuuq,C012,2026-09-01 11:01:20,7489.72,Shoprite,Zanzibar,MobileApp,1
sdv-id-JTCfOP,C073,2026-09-02 01:24:45,2711.55,KahawaCafe,Dar-es-Salaam,POS,0
sdv-id-zLMuIQ,C065,2026-09-02 00:02:28,5314.72,CRDB_Bank,Dar-es-Salaam,POS,1
sdv-id-TkfPnm,C053,2026-09-01 20:25:45,1940.23,TigoPesa,Mwanza,Web,1
sdv-id-xdVCSb,C026,2026-09-01 14:49:09,1950.41,Shoprite,Mbeya,POS,1
sdv-id-uiOoHq,C049,2026-09-01 21:50:44,8278.76,TigoPesa,Zanzibar,Web,1
sdv-id-SrboXS,C057,2026-09-01 18:37:29,6618.64,AirtelMoney,Arusha,ATM,1
sdv-id-JtoWrr,C068,2026-09-02 02:48:19,3149.83,CRDB_Bank,Dodoma,MobileApp,1
sdv-id-RIbKaw,C048,2026-09-01 19:50:05,9485.91,CRDB_Bank,Mbeya,POS,1
sdv-id-hSJXwg,C053,2026-09-01 14:50:15,2557.46,CRDB_Bank,Zanzibar,Web,1
sdv-id-esPFkG,C016,2026-09-01 11:57:24,3056.0,Vodacom_M-Pesa,Arusha,POS,1
sdv-id-TBDOfD,C033,2026-09-01 15:42:24,3168.47,CRDB_Bank,Mbeya,MobileApp,1
sdv-id-UjleLD,C051,2026-09-01 21:09:58,2684.25,Shoprite,Zanzibar,POS,1
sdv-id-yFzetg,C047,2026-09-01 17:37:12,5373.72,TigoPesa,Arusha,POS,1
sdv-id-uCyKMj,C041,2026-09-01 15:41:23,2706.85,NMB_Bank,Zanzibar,Web,1
sdv-id-epKtwR,C081,2026-09-02 05:02:05,5546.45,NBC_Bank,Dar-es-Salaam,Web,1
sdv-id-wSTRcz,C003,2026-09-01 08:48:42,3909.99,Vodacom_M-Pesa,Zanzibar,Web,1
sdv-id-QVHxQE,C057,2026-09-01 20:30:12,8664.17,AirtelMoney,Zanzibar,POS,1
sdv-id-bUhstb,C056,2026-09-01 18:21:30,3965.22,NMB_Bank,Mwanza,ATM,1
sdv-id-tsgfqe,C095,2026-09-02 06:51:57,3140.94,CRDB_Bank,Dodoma,Web,0
sdv-id-pSkGpr,C060,2026-09-01 20:59:57,8878.49,Shoprite,Dodoma,Web,1
sdv-id-SlCYIL,C080,2026-09-02 00:54:15,1884.41,TigoPesa,Mwanza,Web,1
sdv-id-rEDdxm,C048,2026-09-02 00:28:03,2185.28,Shoprite,Dodoma,Web,0
sdv-id-fJwoYb,C023,2026-09-01 14:58:03,9298.45,AirtelMoney,Mbeya,POS,0
sdv-id-zrAZGx,C067,2026-09-02 01:50:53,1248.56,AirtelMoney,Dodoma,MobileApp,1
sdv-id-lsqzyu,C004,2026-09-01 08:55:36,6736.73,AirtelMoney,Mbeya,Web,1
sdv-id-whCCIx,C017,2026-09-01 11:29:50,4765.43,CRDB_Bank,Mbeya,MobileApp,1
sdv-id-bszKFE,C074,2026-09-02 03:13:21,9927.57,CRDB_Bank,Dodoma,ATM,1
sdv-id-xswtvc,C045,2026-09-01 15:09:24,5738.78,KahawaCafe,Zanzibar,MobileApp,1
sdv-id-LBhpPd,C083,2026-09-02 03:54:41,2232.57,CRDB_Bank,Mbeya,ATM,1
sdv-id-VcQTgy,C030,2026-09-01 15:54:38,9215.24,NBC_Bank,Mwanza,POS,1
sdv-id-mMaagh,C064,2026-09-01 23:02:33,5828.57,AirtelMoney,Mbeya,MobileApp,1
sdv-id-skIwXb,C010,2026-09-01 09:58:58,8420.96,Shoprite,Arusha,Web,1
sdv-id-Wwghib,C091,2026-09-02 05:43:14,6935.18,CRDB_Bank,Dodoma,ATM,1
sdv-id-aEyTKj,C044,2026-09-01 16:16:53,9461.39,TigoPesa,Zanzibar,ATM,1
sdv-id-MUofEo,C044,2026-09-01 17:32:32,1582.17,Shoprite,Mwanza,ATM,1
sdv-id-CrtCnp,C041,2026-09-01 19:04:45,6206.72,Shoprite,Zanzibar,ATM,1
sdv-id-HpsDzC,C050,2026-09-01 20:21:05,8741.43,Shoprite,Mwanza,POS,0
sdv-id-aJUcgZ,C096,2026-09-02 07:22:12,1882.95,CRDB_Bank,Mbeya,POS,1
sdv-id-viAiKp,C080,2026-09-02 05:54:53,4322.85,CRDB_Bank,Mbeya,Web,1
sdv-id-nFDwTR,C094,2026-09-02 07:50:04,4908.89,TigoPesa,Mwanza,Web,1
sdv-id-GAynTZ,C037,2026-09-01 18:51:30,3660.8,Vodacom_M-Pesa,Zanzibar,MobileApp,0
sdv-id-RlujQX,C032,2026-09-01 16:20:34,8621.36,NBC_Bank,Dodoma,Web,1
sdv-id-OXlfoh,C032,2026-09-01 17:09:15,6085.64,KahawaCafe,Arusha,POS,1
sdv-id-WNjHKF,C013,2026-09-01 09:55:23,9275.06,CRDB_Bank,Dar-es-Salaam,Web,1
sdv-id-TwrqCQ,C034,2026-09-01 14:31:51,5672.86,Vodacom_M-Pesa,Mbeya,MobileApp,1
sdv-id-HrfvYD,C010,2026-09-01 12:46:47,2053.94,Shoprite,Dodoma,POS,1
sdv-id-UJzrEa,C045,2026-09-01 19:45:11,1871.31,Shoprite,Dar-es-Salaam,POS,1
sdv-id-GIYYSM,C023,2026-09-01 13:15:23,8612.67,AirtelMoney,Mbeya,ATM,1
sdv-id-bgVwQO,C067,2026-09-02 00:18:24,4574.04,CRDB_Bank,Dar-es-Salaam,Web,1
sdv-id-gofHkt,C074,2026-09-02 00:27:24,1648.41,Shoprite,Arusha,ATM,1
sdv-id-uOvguQ,C070,2026-09-02 03:27:45,1045.75,TigoPesa,Dodoma,MobileApp,1
sdv-id-cpVJhU,C051,2026-09-01 21:15:49,6671.26,KahawaCafe,Mwanza,MobileApp,1
sdv-id-AbNEsW,C071,2026-09-02 02:39:13,6819.88,AirtelMoney,Mbeya,MobileApp,0
sdv-id-hRlmRy,C074,2026-09-02 03:16:05,1950.72,TigoPesa,Dodoma,MobileApp,0
sdv-id-swdlTS,C094,2026-09-02 08:46:57,1799.83,AirtelMoney,Zanzibar,POS,0
sdv-id-odeLsG,C056,2026-09-01 21:07:44,9937.55,TigoPesa,Arusha,Web,1
sdv-id-BdQmxI,C055,2026-09-01 23:33:04,8931.42,TigoPesa,Mbeya,Web,1
sdv-id-GdGaFK,C077,2026-09-02 03:21:21,6982.31,Shoprite,Zanzibar,Web,1
sdv-id-bGvneg,C004,2026-09-01 09:42:18,3938.2,NMB_Bank,Zanzibar,POS,1
sdv-id-dmKkkh,C097,2026-09-02 09:15:00,8306.33,CRDB_Bank,Dar-es-Salaam,Web,0
sdv-id-HawcXI,C076,2026-09-02 06:06:43,1403.66,Shoprite,Mbeya,Web,0
sdv-id-hswKzY,C051,2026-09-01 18:49:49,788.7,Shoprite,Mbeya,ATM,1
sdv-id-yQBzer,C059,2026-09-02 01:10:49,8885.24,Vodacom_M-Pesa,Mbeya,POS,1
sdv-id-kpvRKW,C013,2026-09-01 10:34:11,7579.51,AirtelMoney,Mwanza,Web,1
sdv-id-FgzotI,C043,2026-09-01 20:15:35,8229.83,CRDB_Bank,Dodoma,Web,1
sdv-id-BSAygC,C014,2026-09-01 13:36:07,4349.85,Shoprite,Mbeya,Web,1
sdv-id-qtoHpq,C016,2026-09-01 11:22:19,8372.34,TigoPesa,Mwanza,ATM,0
sdv-id-fEQqUP,C034,2026-09-01 13:52:03,7365.13,Shoprite,Mbeya,POS,1
sdv-id-MeETDX,C043,2026-09-01 17:07:40,2332.67,CRDB_Bank,Mbeya,POS,1
sdv-id-xqBQYZ,C040,2026-09-01 13:18:51,1269.55,TigoPesa,Arusha,MobileApp,1
sdv-id-UWALQR,C011,2026-09-01 11:19:40,8241.56,Shoprite,Zanzibar,Web,1
sdv-id-axnfNa,C005,2026-09-01 09:50:02,8314.77,KahawaCafe,Dar-es-Salaam,Web,0
sdv-id-YvZZGK,C087,2026-09-02 05:49:10,8391.13,Shoprite,Mwanza,MobileApp,1
sdv-id-QuKOWZ,C075,2026-09-02 04:43:16,7532.54,CRDB_Bank,Arusha,POS,1
sdv-id-QjfVXD,C002,2026-09-01 08:35:39,4940.37,Shoprite,Dar-es-Salaam,POS,1
sdv-id-hkePgN,C085,2026-09-02 07:57:01,5336.29,AirtelMoney,Dar-es-Salaam,POS,1
sdv-id-yBzzqE,C068,2026-09-02 03:29:51,9800.2,TigoPesa,Dodoma,MobileApp,1
sdv-id-lyZqXX,C078,2026-09-02 04:03:13,1102.31,Shoprite,Mbeya,Web,1
sdv-id-ghnPkG,C027,2026-09-01 13:06:47,9395.55,Shoprite,Dar-es-Salaam,MobileApp,1
sdv-id-ucZpIp,C069,2026-09-02 03:47:24,4095.92,NBC_Bank,Zanzibar,Web,1
sdv-id-HAcxet,C076,2026-09-02 04:46:28,4825.75,Shoprite,Dodoma,POS,1
sdv-id-gPhVYy,C041,2026-09-01 20:09:42,2298.09,TigoPesa,Zanzibar,Web,1
sdv-id-VPChPU,C093,2026-09-02 08:17:25,2835.62,AirtelMoney,Dodoma,POS,1
sdv-id-GaYvmY,C009,2026-09-01 09:29:59,6995.03,AirtelMoney,Mbeya,Web,1
sdv-id-GyVdby,C087,2026-09-02 06:17:15,1551.39,NBC_Bank,Dodoma,Web,1
sdv-id-jRYBFr,C068,2026-09-02 01:35:06,7386.07,NMB_Bank,Dar-es-Salaam,Web,1
sdv-id-JiaPIK,C083,2026-09-02 03:26:28,6279.84,AirtelMoney,Mbeya,MobileApp,1
sdv-id-FTsmyJ,C067,2026-09-02 01:00:18,869.11,NMB_Bank,Mbeya,ATM,1
sdv-id-ATRuFk,C013,2026-09-01 12:24:54,423.16,CRDB_Bank,Arusha,POS,0
sdv-id-eLfmcS,C099,2026-09-02 09:15:00,5224.44,Vodacom_M-Pesa,Mwanza,MobileApp,1
sdv-id-iKFHmC,C005,2026-09-01 08:54:39,5434.4,AirtelMoney,Mbeya,MobileApp,1
sdv-id-eBDYmk,C046,2026-09-01 20:10:03,4571.5,AirtelMoney,Zanzibar,ATM,1
sdv-id-ymLbWK,C083,2026-09-02 05:42:27,9949.74,KahawaCafe,Dar-es-Salaam,POS,1
sdv-id-OgQhDL,C090,2026-09-02 01:53:07,2696.85,TigoPesa,Mbeya,Web,1
sdv-id-cTYtSo,C031,2026-09-01 16:04:11,1460.05,TigoPesa,Dodoma,POS,1
sdv-id-LxTwpJ,C007,2026-09-01 10:30:34,8307.05,Shoprite,Arusha,POS,1
sdv-id-HfLOfu,C026,2026-09-01 17:04:59,9792.65,AirtelMoney,Mbeya,POS,1
sdv-id-DkEpbi,C041,2026-09-01 20:24:00,4402.02,NMB_Bank,Mbeya,POS,0
sdv-id-BIlcjE,C083,2026-09-02 04:52:16,486.92,Vodacom_M-Pesa,Dar-es-Salaam,ATM,1
sdv-id-LRASLW,C079,2026-09-02 00:22:35,6942.9,NBC_Bank,Arusha,Web,1
sdv-id-POlzmW,C037,2026-09-01 17:59:12,7686.76,NMB_Bank,Mwanza,POS,1
sdv-id-kQrtZh,C067,2026-09-01 21:30:28,5718.31,AirtelMoney,Dar-es-Salaam,MobileApp,1
sdv-id-jUFJXV,C004,2026-09-01 09:07:14,4013.42,TigoPesa,Zanzibar,Web,1
sdv-id-ZjUcsW,C022,2026-09-01 12:31:37,2785.39,NMB_Bank,Arusha,POS,1
sdv-id-iduYxS,C072,2026-09-02 00:51:01,6149.83,AirtelMoney,Arusha,ATM,1
sdv-id-mXfBFg,C013,2026-09-01 15:55:50,8705.49,Vodacom_M-Pesa,Dar-es-Salaam,POS,1
sdv-id-jUPPqz,C073,2026-09-02 02:55:16,2993.04,TigoPesa,Mbeya,POS,1
sdv-id-kqEhqE,C079,2026-09-02 04:11:26,6529.63,TigoPesa,Mbeya,MobileApp,1
sdv-id-ZJBybW,C068,2026-09-01 23:59:26,4673.59,Shoprite,Dar-es-Salaam,ATM,1
sdv-id-EBjtZg,C082,2026-09-02 05:38:33,6357.29,Vodacom_M-Pesa,Dar-es-Salaam,POS,1
sdv-id-JZpOUI,C048,2026-09-01 21:34:06,2509.4,NBC_Bank,Mbeya,POS,0
sdv-id-mwXNSb,C082,2026-09-02 04:18:36,8139.87,Shoprite,Mbeya,Web,1
sdv-id-UWyGrX,C096,2026-09-02 08:46:33,4512.9,CRDB_Bank,Zanzibar,MobileApp,0
sdv-id-aWPlyZ,C096,2026-09-02 08:18:18,8606.76,CRDB_Bank,Mbeya,MobileApp,1
sdv-id-tuIVPk,C025,2026-09-01 12:35:37,5655.09,AirtelMoney,Dar-es-Salaam,MobileApp,1
sdv-id-DBnfXd,C074,2026-09-02 04:08:09,862.95,KahawaCafe,Dar-es-Salaam,Web,0
sdv-id-Qauuek,C010,2026-09-01 10:07:40,6864.18,Shoprite,Zanzibar,POS,1
sdv-id-yPzMlx,C074,2026-09-02 03:39:46,1926.08,NMB_Bank,Mbeya,Web,1
sdv-id-NBDqQp,C097,2026-09-02 09:02:13,3066.56,NBC_Bank,Mbeya,Web,1
sdv-id-oRxFpR,C077,2026-09-02 03:22:37,2063.11,TigoPesa,Arusha,POS,1
sdv-id-MrQqkb,C066,2026-09-01 22:58:39,6928.3,Shoprite,Mwanza,Web,1
sdv-id-VjmjDh,C054,2026-09-01 22:54:08,3508.37,Shoprite,Mbeya,Web,1
sdv-id-bENwyx,C052,2026-09-01 21:34:26,1853.17,KahawaCafe,Arusha,Web,1
sdv-id-CinUWc,C010,2026-09-01 10:29:49,3941.16,Vodacom_M-Pesa,Mbeya,ATM,1
sdv-id-TqILjd,C046,2026-09-01 18:04:46,8101.16,CRDB_Bank,Dar-es-Salaam,POS,0
sdv-id-mploiL,C045,2026-09-01 21:42:52,7539.96,CRDB_Bank,Mbeya,POS,1
sdv-id-kwfNwy,C036,2026-09-01 15:57:30,2892.35,Vodacom_M-Pesa,Mbeya,Web,1
sdv-id-eTXVbT,C004,2026-09-01 09:06:38,8737.49,CRDB_Bank,Zanzibar,Web,1
sdv-id-psXLld,C037,2026-09-01 17:51:37,9630.63,TigoPesa,Dar-es-Salaam,Web,1
sdv-id-AvVjbg,C067,2026-09-02 04:04:51,4396.15,Shoprite,Dodoma,MobileApp,1
sdv-id-hggswC,C067,2026-09-02 05:19:13,9626.18,AirtelMoney,Arusha,POS,1
sdv-id-KpXSCN,C057,2026-09-02 00:07:58,5856.78,CRDB_Bank,Arusha,Web,1
sdv-id-kziRAb,C073,2026-09-02 02:02:54,9274.88,Vodacom_M-Pesa,Zanzibar,ATM,1
sdv-id-UqhYsI,C021,2026-09-01 14:09:53,1631.31,NBC_Bank,Zanzibar,Web,1
sdv-id-WYLMYX,C036,2026-09-01 18:06:38,1806.0,NMB_Bank,Dar-es-Salaam,POS,0
sdv-id-FmxZhE,C004,2026-09-01 08:57:45,3692.71,Shoprite,Dar-es-Salaam,MobileApp,1
sdv-id-oFCLRC,C010,2026-09-01 12:00:42,7309.33,NBC_Bank,Zanzibar,POS,1
sdv-id-ZLDFQG,C085,2026-09-02 04:32:38,8727.6,NBC_Bank,Mbeya,Web,1
sdv-id-swWXim,C034,2026-09-01 13:39:21,434.83,AirtelMoney,Dar-es-Salaam,Web,1
sdv-id-hcxYCt,C086,2026-09-02 05:03:57,5859.99,AirtelMoney,Mwanza,POS,0
sdv-id-nnWqHK,C045,2026-09-02 02:17:56,6587.34,AirtelMoney,Dar-es-Salaam,Web,1
sdv-id-UYnGbt,C098,2026-09-02 09:00:34,1488.19,CRDB_Bank,Dar-es-Salaam,Web,1
sdv-id-pXoDkt,C093,2026-09-02 08:25:21,5021.24,Vodacom_M-Pesa,Mbeya,POS,0
sdv-id-QZwFdD,C035,2026-09-01 19:04:31,2534.92,Vodacom_M-Pesa,Zanzibar,ATM,1
sdv-id-PeVhAO,C089,2026-09-02 06:52:04,8187.75,TigoPesa,Arusha,Web,1
sdv-id-YMHSIZ,C051,2026-09-01 18:51:17,1712.7,NBC_Bank,Dodoma,ATM,1
sdv-id-vaZDpJ,C031,2026-09-01 16:52:33,8460.54,TigoPesa,Zanzibar,POS,1
sdv-id-cLBBtA,C085,2026-09-02 06:25:45,4197.6,CRDB_Bank,Arusha,MobileApp,0
sdv-id-hCQyxX,C019,2026-09-01 12:29:23,2320.12,AirtelMoney,Dodoma,Web,1
sdv-id-wqAteR,C019,2026-09-01 11:37:58,6765.34,Vodacom_M-Pesa,Arusha,ATM,1
sdv-id-VZzLSM,C078,2026-09-02 05:31:06,9760.75,Vodacom_M-Pesa,Dar-es-Salaam,POS,1
sdv-id-ClIVwu,C070,2026-09-02 01:59:44,7944.39,KahawaCafe,Dar-es-Salaam,POS,0
sdv-id-BLyUCt,C008,2026-09-01 11:35:36,921.69,Shoprite,Dar-es-Salaam,POS,1
sdv-id-pQFwXl,C026,2026-09-01 18:27:47,566.16,TigoPesa,Mbeya,MobileApp,1
sdv-id-YpkjHP,C003,2026-09-01 08:46:38,3665.92,Shoprite,Dodoma,Web,1
sdv-id-sNgvAw,C025,2026-09-01 14:58:24,841.08,Shoprite,Dodoma,MobileApp,1
sdv-id-YPKnTt,C046,2026-09-01 21:23:21,9245.07,CRDB_Bank,Arusha,ATM,1
sdv-id-ilyGSV,C078,2026-09-02 03:03:35,8400.15,NBC_Bank,Zanzibar,ATM,1
sdv-id-YAqYKR,C043,2026-09-01 19:50:34,7663.27,AirtelMoney,Mwanza,MobileApp,1
sdv-id-tXiUMP,C068,2026-09-01 23:37:40,7910.22,TigoPesa,Zanzibar,MobileApp,1
sdv-id-mefjus,C071,2026-09-02 04:26:26,2981.4,TigoPesa,Dodoma,MobileApp,0
sdv-id-kzdcSl,C056,2026-09-01 20:31:22,4101.98,TigoPesa,Zanzibar,ATM,1
sdv-id-tHgyYK,C035,2026-09-01 19:10:51,6732.82,Shoprite,Mbeya,MobileApp,1
sdv-id-LyTXDM,C067,2026-09-02 01:49:44,1399.11,NBC_Bank,Dar-es-Salaam,POS,1
sdv-id-hBFjmC,C083,2026-09-02 05:42:53,8386.88,Shoprite,Zanzibar,Web,1
sdv-id-fZnLSG,C030,2026-09-01 17:31:25,5159.26,Shoprite,Arusha,Web,1
sdv-id-wGiIWb,C009,2026-09-01 10:11:36,4058.09,Shoprite,Dodoma,Web,1
sdv-id-lePqoe,C058,2026-09-01 22:57:10,5461.21,TigoPesa,Mbeya,Web,1
sdv-id-WyhVfz,C012,2026-09-01 11:44:57,7763.54,AirtelMoney,Mbeya,MobileApp,1
sdv-id-rIqpzD,C058,2026-09-01 20:11:33,8605.19,CRDB_Bank,Mbeya,Web,1
sdv-id-ZAvYhT,C083,2026-09-02 04:21:09,3118.32,Shoprite,Dar-es-Salaam,POS,1
sdv-id-bflHFL,C026,2026-09-01 16:01:06,3790.16,NMB_Bank,Mbeya,MobileApp,1
sdv-id-kVBVQV,C040,2026-09-01 16:38:33,2554.06,Vodacom_M-Pesa,Mbeya,POS,1
sdv-id-kHwrWA,C044,2026-09-01 20:08:38,9892.44,Vodacom_M-Pesa,Dodoma,Web,1
sdv-id-cySXGe,C054,2026-09-01 21:15:29,9749.65,Shoprite,Dodoma,Web,1
sdv-id-rVQxeh,C018,2026-09-01 15:05:40,9311.89,NBC_Bank,Mbeya,Web,1
sdv-id-PBcGRI,C061,2026-09-02 01:21:04,5884.66,AirtelMoney,Dar-es-Salaam,POS,1
sdv-id-OOqUIk,C043,2026-09-01 19:51:11,7565.0,Vodacom_M-Pesa,Mbeya,Web,1
sdv-id-duWeKX,C030,2026-09-01 15:57:04,7037.51,CRDB_Bank,Arusha,Web,1
sdv-id-XImWpd,C052,2026-09-01 23:05:18,8891.68,Vodacom_M-Pesa,Dodoma,Web,1
sdv-id-YCscis,C062,2026-09-02 04:20:46,4082.22,TigoPesa,Dar-es-Salaam,POS,0
sdv-id-QNYsbC,C088,2026-09-02 05:09:56,9345.67,CRDB_Bank,Zanzibar,Web,0
sdv-id-VctgSA,C062,2026-09-01 20:56:56,6734.0,Shoprite,Mbeya,POS,0
sdv-id-ASvzfo,C035,2026-09-01 20:10:37,8526.03,Shoprite,Mwanza,POS,1
sdv-id-UHJetT,C097,2026-09-02 08:55:06,7180.02,TigoPesa,Mwanza,Web,1
sdv-id-ZrpOri,C023,2026-09-01 14:46:27,4047.7,NMB_Bank,Zanzibar,POS,1
sdv-id-TIspGf,C029,2026-09-01 15:22:23,2837.07,AirtelMoney,Dar-es-Salaam,POS,1
sdv-id-jrnyBl,C015,2026-09-01 11:57:16,955.73,CRDB_Bank,Zanzibar,POS,0
sdv-id-SAjwvd,C073,2026-09-02 05:17:54,2697.45,Shoprite,Zanzibar,POS,1
sdv-id-DkUGQc,C068,2026-09-01 23:45:54,2208.31,CRDB_Bank,Zanzibar,MobileApp,0
sdv-id-nHlNzQ,C055,2026-09-01 21:53:44,1753.68,NBC_Bank,Zanzibar,Web,0
sdv-id-tAMuvA,C032,2026-09-01 17:26:57,2710.68,Vodacom_M-Pesa,Dar-es-Salaam,POS,0
sdv-id-xGGYEr,C056,2026-09-01 20:02:56,9690.25,NBC_Bank,Mwanza,Web,1
sdv-id-NBrPUE,C016,2026-09-01 10:41:24,3835.98,NMB_Bank,Arusha,MobileApp,1
sdv-id-ZwhTzx,C010,2026-09-01 10:40:04,9671.78,NBC_Bank,Dar-es-Salaam,MobileApp,1
sdv-id-RzdQtH,C052,2026-09-01 21:07:39,7570.17,CRDB_Bank,Mwanza,MobileApp,1
sdv-id-bUpqBT,C023,2026-09-01 12:10:57,6598.08,KahawaCafe,Arusha,Web,1
sdv-id-ZEozVB,C089,2026-09-02 07:54:33,7020.11,CRDB_Bank,Zanzibar,Web,1
sdv-id-oBZFxH,C021,2026-09-01 11:32:19,1391.74,NBC_Bank,Dodoma,POS,1
sdv-id-lgSHhh,C053,2026-09-01 22:13:26,9792.94,Vodacom_M-Pesa,Mbeya,MobileApp,1
sdv-id-hdUNtt,C098,2026-09-02 08:40:28,6434.79,TigoPesa,Mbeya,POS,1
sdv-id-pBEGmI,C023,2026-09-01 10:53:36,5093.22,Shoprite,Arusha,POS,1
sdv-id-gQnNih,C052,2026-09-01 19:51:08,8910.63,Shoprite,Arusha,MobileApp,1
sdv-id-scGJgm,C054,2026-09-02 00:26:34,8294.44,CRDB_Bank,Mbeya,MobileApp,1
sdv-id-jPJfBr,C070,2026-09-01 21:06:45,6920.55,Shoprite,Zanzibar,Web,1
sdv-id-SZyVyY,C004,2026-09-01 09:00:31,6181.31,Vodacom_M-Pesa,Zanzibar,Web,0
sdv-id-YPzORd,C067,2026-09-02 03:44:25,5223.05,Shoprite,Mwanza,ATM,0
sdv-id-sVJILh,C039,2026-09-01 17:27:16,2089.79,Shoprite,Dar-es-Salaam,Web,1
sdv-id-EMLYcx,C083,2026-09-02 06:48:49,7383.41,Shoprite,Dar-es-Salaam,ATM,1
sdv-id-pBDrxt,C065,2026-09-01 21:24:58,2020.48,NMB_Bank,Dodoma,Web,1
sdv-id-BjZMur,C049,2026-09-01 21:30:47,3595.81,CRDB_Bank,Dodoma,MobileApp,1
sdv-id-JKuXCP,C096,2026-09-02 09:14:13,1869.03,Vodacom_M-Pesa,Dar-es-Salaam,POS,1
sdv-id-wNbGRz,C093,2026-09-02 07:40:03,8895.52,NBC_Bank,Dodoma,Web,1
sdv-id-zJDZOl,C084,2026-09-02 05:45:39,2837.02,CRDB_Bank,Arusha,Web,1
sdv-id-ubyYtW,C078,2026-09-02 04:02:09,5490.5,TigoPesa,Dar-es-Salaam,MobileApp,1
sdv-id-zhGkKf,C023,2026-09-01 13:39:28,9876.77,TigoPesa,Zanzibar,Web,0
sdv-id-Yrwxhf,C088,2026-09-02 05:42:16,7852.5,Shoprite,Mbeya,Web,1
sdv-id-QXFdgu,C063,2026-09-01 21:09:16,5899.88,Shoprite,Dar-es-Salaam,POS,1
sdv-id-DFjhFD,C049,2026-09-01 21:56:22,6690.88,NBC_Bank,Mbeya,ATM,1
sdv-id-eKcyWE,C024,2026-09-01 12:57:02,2580.24,CRDB_Bank,Dar-es-Salaam,MobileApp,1
sdv-id-CmoRHW,C015,2026-09-01 10:33:41,1773.24,CRDB_Bank,Mwanza,Web,0
sdv-id-iqoDKo,C082,2026-09-02 03:19:34,7101.44,KahawaCafe,Dodoma,Web,1
sdv-id-bgNbnF,C010,2026-09-01 11:04:21,4550.04,CRDB_Bank,Mbeya,ATM,0
sdv-id-bmFJPc,C033,2026-09-01 15:15:26,3423.44,NBC_Bank,Dar-es-Salaam,Web,0
sdv-id-juNpna,C096,2026-09-02 07:53:53,8089.04,TigoPesa,Arusha,POS,1
sdv-id-UIYmcf,C010,2026-09-01 09:27:53,2068.17,CRDB_Bank,Dodoma,ATM,1
sdv-id-fihwtn,C100,2026-09-02 09:15:00,3121.89,NBC_Bank,Mbeya,POS,1
sdv-id-tPIvvN,C018,2026-09-01 14:08:24,8492.02,AirtelMoney,Arusha,POS,1
sdv-id-JNADTY,C036,2026-09-01 14:01:29,8703.98,NBC_Bank,Mwanza,ATM,1
sdv-id-TSOTUn,C025,2026-09-01 12:23:17,9800.14,Shoprite,Dodoma,Web,1
sdv-id-yPQTDF,C040,2026-09-01 18:52:49,2354.32,AirtelMoney,Mbeya,MobileApp,1
sdv-id-ABnGDz,C092,2026-09-02 08:31:01,9271.17,Vodacom_M-Pesa,Arusha,POS,1
sdv-id-udYCvY,C076,2026-09-02 04:10:56,9442.97,Vodacom_M-Pesa,Arusha,POS,1
sdv-id-oUDLYa,C084,2026-09-02 05:44:15,6392.05,TigoPesa,Dodoma,Web,1
sdv-id-xkjQNf,C088,2026-09-02 06:31:41,7424.09,Shoprite,Mbeya,MobileApp,0
sdv-id-NCmKMv,C090,2026-09-02 05:15:55,8028.96,KahawaCafe,Dodoma,POS,1
sdv-id-vJcYsn,C025,2026-09-01 15:37:42,7681.19,Shoprite,Dodoma,Web,1
sdv-id-OlWVNW,C022,2026-09-01 19:41:39,7349.62,CRDB_Bank,Dodoma,POS,1
sdv-id-ONfmUc,C006,2026-09-01 09:33:42,3255.36,NBC_Bank,Mbeya,POS,1
sdv-id-EMoovK,C067,2026-09-02 02:23:30,4595.34,Shoprite,Mwanza,Web,1
sdv-id-GfjEnz,C096,2026-09-02 07:50:52,3436.51,CRDB_Bank,Dar-es-Salaam,ATM,1
sdv-id-BIoOVJ,C030,2026-09-01 16:53:31,9723.56,NBC_Bank,Mbeya,POS,1
sdv-id-torrQp,C067,2026-09-01 19:46:25,6291.07,CRDB_Bank,Mbeya,Web,1
sdv-id-gnBhhF,C081,2026-09-02 01:23:21,972.09,Shoprite,Mwanza,ATM,1
sdv-id-QmrvmN,C057,2026-09-01 23:17:21,2788.97,CRDB_Bank,Zanzibar,Web,1
sdv-id-ypCvdI,C072,2026-09-01 21:39:16,4138.49,Vodacom_M-Pesa,Arusha,MobileApp,1
sdv-id-CEwwMZ,C057,2026-09-02 00:53:23,8514.71,AirtelMoney,Dar-es-Salaam,Web,1
sdv-id-MKXpaZ,C069,2026-09-02 05:07:10,4993.9,Shoprite,Dar-es-Salaam,POS,1
sdv-id-mOoJGg,C007,2026-09-01 11:31:00,4053.45,TigoPesa,Dar-es-Salaam,POS,1
sdv-id-mkFPEp,C072,2026-09-02 01:50:30,2583.43,AirtelMoney,Zanzibar,Web,1
sdv-id-iGClSJ,C047,2026-09-01 20:59:58,9120.64,CRDB_Bank,Mwanza,ATM,1
sdv-id-kafhxb,C098,2026-09-02 08:33:03,2098.85,CRDB_Bank,Arusha,ATM,1
sdv-id-IVuWcX,C021,2026-09-01 12:56:32,7316.35,TigoPesa,Dodoma,MobileApp,1
sdv-id-DqYfHK,C078,2026-09-02 04:34:58,7398.45,Vodacom_M-Pesa,Arusha,MobileApp,0
sdv-id-YhnKzj,C084,2026-09-02 05:57:43,9077.42,Shoprite,Dar-es-Salaam,MobileApp,1
sdv-id-ZvtJXn,C059,2026-09-02 03:20:06,7660.26,CRDB_Bank,Mwanza,Web,1
sdv-id-tTRmPn,C034,2026-09-01 14:23:24,2715.88,Shoprite,Mwanza,POS,1
sdv-id-FsmsBd,C023,2026-09-01 14:37:17,9162.74,Shoprite,Dar-es-Salaam,ATM,1
sdv-id-vuGUwi,C056,2026-09-01 22:21:51,4113.83,AirtelMoney,Mbeya,MobileApp,1
sdv-id-gKmhMi,C013,2026-09-01 14:04:59,3215.6,Shoprite,Zanzibar,Web,1
sdv-id-dzEFkE,C095,2026-09-02 08:02:46,7342.15,CRDB_Bank,Dar-es-Salaam,Web,1
sdv-id-qWREKb,C081,2026-09-02 03:02:05,8019.93,NBC_Bank,Dar-es-Salaam,Web,1
sdv-id-gvbByc,C057,2026-09-01 23:14:41,5441.34,TigoPesa,Arusha,POS,1
sdv-id-RsuxaW,C039,2026-09-01 18:57:43,6958.94,TigoPesa,Dar-es-Salaam,Web,1
sdv-id-HzceYA,C089,2026-09-02 04:06:55,7717.6,Shoprite,Dodoma,POS,1
sdv-id-tmUnkB,C016,2026-09-01 10:04:06,830.31,AirtelMoney,Dar-es-Salaam,Web,1
sdv-id-xwoMNE,C013,2026-09-01 13:02:35,3606.0,TigoPesa,Dodoma,ATM,1
sdv-id-KJXAYi,C043,2026-09-01 17:49:59,1610.76,NMB_Bank,Dar-es-Salaam,ATM,1
sdv-id-rdFKYT,C068,2026-09-01 23:50:50,7115.88,TigoPesa,Dar-es-Salaam,Web,1
sdv-id-VvBcmA,C046,2026-09-01 19:21:08,1412.83,TigoPesa,Dar-es-Salaam,POS,1
sdv-id-YSWcnR,C031,2026-09-01 13:56:02,6429.82,TigoPesa,Dar-es-Salaam,MobileApp,1
sdv-id-bjOyff,C038,2026-09-01 19:13:28,4005.33,AirtelMoney,Mbeya,MobileApp,1
sdv-id-gdczKs,C009,2026-09-01 10:26:50,2726.09,Shoprite,Mwanza,ATM,1
sdv-id-ikEKBD,C072,2026-09-02 04:13:05,5893.33,Shoprite,Dar-es-Salaam,POS,1
sdv-id-DAidjr,C031,2026-09-01 14:38:09,5545.88,Vodacom_M-Pesa,Zanzibar,MobileApp,1
sdv-id-dDZbZR,C090,2026-09-02 05:28:23,6326.83,KahawaCafe,Zanzibar,Web,0
sdv-id-ALkwrk,C034,2026-09-01 19:22:03,4268.02,CRDB_Bank,Mwanza,ATM,0
sdv-id-ofZryp,C043,2026-09-01 18:30:12,5103.31,Shoprite,Dodoma,POS,1
sdv-id-vlRgMy,C072,2026-09-02 01:04:51,2817.8,NBC_Bank,Zanzibar,ATM,1
sdv-id-yGltZt,C038,2026-09-01 18:52:24,7711.72,Shoprite,Mbeya,Web,1
sdv-id-RcqKRN,C086,2026-09-02 06:50:35,8334.11,CRDB_Bank,Dar-es-Salaam,MobileApp,1
sdv-id-KkGSum,C053,2026-09-01 15:50:33,2512.85,CRDB_Bank,Arusha,Web,1
sdv-id-KAfbTa,C086,2026-09-02 04:31:23,3908.01,AirtelMoney,Mbeya,POS,1
sdv-id-SuzNaJ,C038,2026-09-01 19:29:56,1444.77,TigoPesa,Dodoma,POS,0
sdv-id-tUUiTe,C044,2026-09-01 20:54:15,8955.09,Shoprite,Mbeya,POS,1
sdv-id-JBrXFA,C029,2026-09-01 16:03:02,6036.48,CRDB_Bank,Dodoma,MobileApp,1
sdv-id-HTBlhI,C071,2026-09-02 02:31:48,8824.38,AirtelMoney,Dar-es-Salaam,Web,1
sdv-id-ThZtle,C065,2026-09-02 01:58:25,7507.83,KahawaCafe,Mbeya,POS,1
sdv-id-kpCUBC,C003,2026-09-01 09:09:20,8337.61,TigoPesa,Mbeya,Web,1
sdv-id-Rlnhjr,C097,2026-09-02 08:20:25,9142.9,NBC_Bank,Dar-es-Salaam,MobileApp,1
sdv-id-bTmFvL,C069,2026-09-02 02:22:38,4931.88,AirtelMoney,Mwanza,POS,1
sdv-id-EYSskZ,C035,2026-09-01 22:24:29,486.97,Shoprite,Dar-es-Salaam,MobileApp,1
sdv-id-zCSoLy,C051,2026-09-01 21:32:55,4603.09,CRDB_Bank,Mbeya,ATM,1
sdv-id-Besovu,C022,2026-09-01 13:31:03,6504.78,Shoprite,Mwanza,Web,1
sdv-id-HcGrin,C046,2026-09-01 20:53:40,4382.53,CRDB_Bank,Mwanza,ATM,1
sdv-id-WeIOTx,C017,2026-09-01 11:35:49,9511.48,CRDB_Bank,Mbeya,Web,1
sdv-id-jqkBBf,C024,2026-09-01 13:17:43,7623.67,TigoPesa,Mbeya,MobileApp,0
sdv-id-ffHEYO,C051,2026-09-02 00:51:50,8313.44,TigoPesa,Dar-es-Salaam,POS,0
sdv-id-zkFmuH,C063,2026-09-02 03:44:47,8347.45,NBC_Bank,Mbeya,ATM,1
sdv-id-ziCfzz,C005,2026-09-01 10:02:19,8730.5,Shoprite,Mwanza,POS,0
sdv-id-RsUXSh,C090,2026-09-02 07:39:22,4058.82,KahawaCafe,Dar-es-Salaam,MobileApp,1
sdv-id-rKotjn,C032,2026-09-01 15:47:32,7745.81,AirtelMoney,Dar-es-Salaam,POS,1
sdv-id-hzRbau,C092,2026-09-02 08:47:34,9105.39,CRDB_Bank,Zanzibar,Web,1
sdv-id-VObgZq,C024,2026-09-01 15:46:18,5353.18,CRDB_Bank,Mwanza,POS,1
sdv-id-LgAoYl,C070,2026-09-02 02:34:22,1208.5,AirtelMoney,Arusha,POS,0
sdv-id-ZVMlgy,C035,2026-09-01 15:01:06,5339.42,KahawaCafe,Zanzibar,POS,1
sdv-id-vsoyJI,C009,2026-09-01 09:27:56,3305.17,NMB_Bank,Zanzibar,Web,1
sdv-id-xwpmuh,C020,2026-09-01 13:11:18,2090.59,AirtelMoney,Zanzibar,MobileApp,1
sdv-id-HBhMod,C018,2026-09-01 12:45:12,4485.59,NBC_Bank,Arusha,ATM,1
sdv-id-WlwUbk,C019,2026-09-01 14:51:11,870.0,Vodacom_M-Pesa,Mbeya,ATM,1
sdv-id-cIauhV,C023,2026-09-01 14:57:05,2001.1,AirtelMoney,Zanzibar,Web,1
sdv-id-RtGkwh,C086,2026-09-02 05:25:22,9527.09,NBC_Bank,Mbeya,POS,1
sdv-id-kbDhlJ,C055,2026-09-01 19:49:27,6103.78,AirtelMoney,Mwanza,ATM,1
sdv-id-cOZtTi,C059,2026-09-01 21:39:38,1753.83,Shoprite,Zanzibar,ATM,1
sdv-id-rpctic,C100,2026-09-02 09:15:00,7065.21,Shoprite,Mbeya,Web,1
sdv-id-iwlcho,C043,2026-09-01 15:08:28,815.38,CRDB_Bank,Zanzibar,ATM,1
sdv-id-BgcdtB,C065,2026-09-01 18:27:03,1591.11,Vodacom_M-Pesa,Dodoma,Web,1
sdv-id-uspDvg,C022,2026-09-01 12:30:08,6813.79,Shoprite,Mbeya,MobileApp,0
sdv-id-TwzCzN,C006,2026-09-01 10:29:02,9913.15,Shoprite,Dar-es-Salaam,POS,1
sdv-id-yNiflY,C048,2026-09-01 18:03:43,8475.72,CRDB_Bank,Mbeya,Web,0
sdv-id-aahVCR,C034,2026-09-01 18:49:17,9518.12,KahawaCafe,Dar-es-Salaam,Web,1
sdv-id-PUrDjL,C100,2026-09-02 09:15:00,1513.5,Vodacom_M-Pesa,Dodoma,MobileApp,0
sdv-id-tOaDFu,C100,2026-09-02 09:15:00,7665.75,NBC_Bank,Mbeya,POS,1
sdv-id-ySBEtP,C080,2026-09-02 05:22:14,2503.85,TigoPesa,Dar-es-Salaam,ATM,1
sdv-id-BqdzRR,C004,2026-09-01 09:29:45,8362.28,CRDB_Bank,Dar-es-Salaam,Web,1
sdv-id-tZqDYX,C079,2026-09-02 04:40:16,1191.31,TigoPesa,Dar-es-Salaam,POS,1
sdv-id-jcmenv,C022,2026-09-01 15:13:49,2794.67,Vodacom_M-Pesa,Mbeya,Web,1
